Die;Promotion;promocja;;;;
;Bewusst;Swiadomy, celowy, racjonalny;;;;
;Ein paar Monaten her;Pare miesięcy temu;;;;
Das;Sonderangebot(e);Oferta specjalna;;;;
;Etwas in Anspruch nehmen;Wykorzystać coś, korzystać z czegoś, zajmować kogoś;;;;
;Über Gebühr in Anspruch nehmen;Nadużywać czegoś (np. cierpliwości);;;;
Die;Gebühr;Należność, opłata, koszt;;;;
;gebühren;Należeć się, przysługiwać;Być stosownym, wypadać;;;
;an|regen jemand zu etwas;Zachęcać kogoś do czegoś;;;;
;an|regen;inicjować, wzmagać, pobudzać;;;;
;auf|fallen;Rzucać się w oczy, zwracać uwagę, “uderzać”, np. Coś mnie uderzyło;;;;
;Halten;Trzymać, zatrzymać;;;;
Die ;Kampagne(n);kampania;;;;
Der;Ausschnitt(e);Wycinek, wycięcie, dekold;;;;
Die;Vorstellung(en);Spektakl, przedstawienie;Przedstawienie (koleżance) ;Wyobrażenie, marzenie;;
Die;Fantasie/Phantasie(n);Fantazja, wyobrażenie, marzenie;Fantazja, wyobraźnia;;;
Die;Vorstellungskraft;wyobraźnia;;;;
;schmutzig;Brudny;sprośny;;;
Die;Verwirkung;Utrata;;;;
Das;Dorf / Dörfer;Wieś, wioska (też olimpijska);;;;
;Sozial;społeczny;;;;
Die;Keilabsatzschuhe;Buty na koturnie;;;;
Die;Stöckelschuhe;buty na obcasie;;;;
;Eitel;próżny;;;;
;erfahren;Doświadczony;;;;
;kundig;Doświadczony;;;;
;Schrecklich;Straszny (czyn, zbrodnia, sen);;;;
;fruchtbar;Straszny (choroba, sytuacja, pogoda);;;;
;Dort (oben, unten, hinten);Tam (na górze, na dole, z tyłu);;;;
;zweifach;Podwójny, dwukrotny;;;;
;blöd;Głupi, idiotyczny, cholerny;;;;
;blödeln;Pleść głupoty;;;;
;blöderweise;W idiotyczny sposób;;;;
Die;Blödelei(en);głupota;;;;
;dumm;głupi, głupkowaty;;;;
;dämlich;głupi, głupkowaty;;;;
;Dumm wie Brot;Głupi jak but;;;;
Das;Fundbüro;Biuro rzeczy znalezionych;;;;
Der;Einkaufskorb (Einkaufskörbe);Wózek na zakupy;;;;
;ausdrücklich;Wyraźny, jednoznaczny, bezsporny;;;;
;bearbeiten;Opracowywać, obrabiać;;;;
;eindeutig;jasny, wyraźny, bezsporny;;;;
;entdecken;Odkrywać, znaleźć, wykryć;;;;
;allesamt;Wszyscy razem;;;;
;aufmerksam;uważnie;uprzejmie;;;
;Auf jemand aufmerksam werden;Zwracać na kogoś uwagę;;;;
;Das is sehr aufmerksam von dir;To miło z twojej strony;;;;
Der;Buchstabe(n);Litera;;;;
;Angestellt sein;Być zatrudnionym;;;;
;an|stellen;Przystawiać (np. Coś do ściany);Włączać, odkręcać np. gaz, kuchenkę;zatrudniać;;
;faulen;Gnić, butwieć, lenić się;;;;
Die;Angewohnheit(en);przyzwyczajenie, nawyk, nałóg;;;;
;Schädigen;Krzywdzić, szkodzić;;;;
;schockieren;szokować;;;;
;auffälig;ekstrawagancki, krzykliwy;;;;
;nach|machen;naśladować;;;;
;lackieren;Lakierować, malować paznokcie;;;;
;Die beste Freundin;Najlepsza przyjaciółka;;;;
;Meine Freundin ist am besten;Moja przyjaciółka jest najlepsza;;;;
;rückwärts;Do tyłu, w tył;;;;
;vorwärts;Do przodu, w przód;;;;
;alltäglich;Codzienny, powszedni, zwyczajny;;;;
;Von innen;Od wewnątrz;;;;
;Nach innen;Do wewnątrz;;;;
;Drinnen (war dunkel);Wewnątrz / w środku (było ciemno);;;;
;Innerhalb (Krakau);wewnątrz, w obrębie (Krakowa);;;;
;Innerhalb der Arbeitszeit;W ciągu/w czasie/ w trakcie pracy;;;;
;lange;dawno;;;;
;Etwas war lange her;Coś było dawno temu;;;;
;behandeln;Traktować, obchodzić się;;;;
;daran;Przy tym;O tym;Na tym;;
;Bist du daran interesiert;Czy jesteś tym zainteresowany?;;;;
Der;Betrag;kwota, suma;;;;
Das ;Betragen;zachowanie, sprawowanie;;;;
Das ;Benehmen;zachowanie, sprawowanie;;;;
;betragen;Zachowywać się;Wynosić, opiewać na (100 euro);;;
;betrügen;oszukiwać;;;;
;Sich nicht vermeiden lassen;Być nie do uniknięcia;;;;
Der;Strauß;Bukiet;struś;;;
;aus|geben;wydawać (pieniądze, jedzenie);;;;
Die;Priorität(en);Priorytet, pierwszeństwo;;;;
;Es Schade um die Nerve;Szkoda nerwów;;;;
;schlimm;Fatalny, zły;;;;
;Im schlimmest Fall;W najgorszym wypadku / razie;;;;
;Umso schlimmer;Tym gorzej;;;;
Die;Kaufsucht(en);Nałóg kupowania;;;;
Der;Unsinn;Nonsens, absurd;;;;
;wozu;Po co? Czemu? Do czego?;;;;
;Wozu willst du das wissen;Po co chcesz to wiedzieć?;;;;
;Wozu brauchst du das Geld;Na co potrzebujesz pieniędzy?;;;;
;mache;niektóry;;;;
;Zu schätzen wissen;doceniać;;;;
;Etwas unterschätzen;Nie doceniać czegoś;;;;
;preisen;Chwalić / wychwalać ;;;;
;gemischt;Wymieszany, pomieszany, zróżnicowany;;;;
Der;Potentzial(e);potencjał;;;;
;potenziell;potencjalny;;;;
;potenzieren;potęgować;;;;
;folgen;Podążać za kimś, czymś;Następować po czymś;;;
;Wie folgt;Jak następuje;;;;
Die;Folge;skutek;;;;
;Frohes Oster;Wesołej wielkanocy;;;;
;ekelhaft;obrzydliwy;;;;
;überreden;Namawiać, nakłaniać;;;;
;speien;wymiotować;;;;
;In sein;“być na czasie”;;;;
;vermeiden;unikać;;;;
;In der selben Woche;W tym samym tygodniu;;;;
;selbe;Ten sam;;;;
;Zwingen (zu tun);Zmusić (do zrobienia czegoś);;;;
;um|stellen;otaczać;;;;
Der;Notfall (Notfälle);Pilna potrzeba, sytuacja, wypadek, nieoczekiwany przypadek;;;;
;Im Notfall;W razie potrzeby;;;;
;Beim Notfall;W nagłym wypadku;;;;
;Für der Notfall;Na wszelki wypadek;;;;
Der;Unfall;Wypadek (np. drogowy);;;;
;Einem Unfall bauen;Spowodować wypadek;;;;
Der;Briefträger;listonosz;;;;
Der;Vertrag (Verträge);Umowa, kontrakt (o pracę, najmu);;;;
Die;Leistung(en);Usługa, świadczenie;rezultat;;;
Der;Organismus;organizm;;;;
Der;Preis(e);nagroda;;;;
;vermutlich;przypuszczalnie;prawdopodobnie;;;
;begleiten;towarzyszyć;;;;
;begründen;uzasadniać;;;;
;Bei Bedarf;W razie potrzeby;;;;
Der;Bedarf;potrzeba;zapotrzebowanie;;;
;Etwas mit etwas entschuldigen;Coś czymś usprawiedliwiać (np. Spóźnienie);;;;
;rechtfertigen;Usprawiedliwiać się, uzasadniać, tłumaczyć się;;;;
;erwägen;rozważać;;;;
;erliegen;Ulegać (np. Pokusie, chorobie);;;;
;Einem Irrtum erliegen;Popełniać błąd;;;;
;weilen;przebywać;;;;
Die ;Weile;Chwila;;;;
Die;Geschirrspüler;zmywarka;;;;
Die;Trockener;suszarka;;;;
;Von Ort;Na miejscu (np. Naprawa);;;;
;ausschließlich;wyłącznie;;;;
Die;Entsorgung(en);Usuwanie odpadów;;;;
;obligatorisch;Obligatoryjny, przymusowy;;;;
;Wundern jemand;Dziwić kogoś;;;;
;Mich wundert, dass;Dziwi mnie, że;;;;
Die;Bedeutung(en);znaczenie, sens;;;;
Die;Tradition(en);tradycja;;;;
;Mit wem;Z kim;;;;
Der;Zeichentrickfilm;kreskówka;;;;
;irgendwelche;Jakiś / jakikolwiek;;;;
Die;Reihenfolge(n);kolejność;;;;
;ab|laufen;Mijać;spływać;opróżniać;;
Die;Glühbirne(n);żarówka;;;;
Der;Rasierer(s);Maszynka do golenia;;;;
;entwickeln;Opracować coś, wynaleźć (lekarstwo), układać (plan);;;;
;Das ging nicht;To nie zadziałało;;;;
;entfernt;oddalony;;;;
Die;Anwesenheit(en);obecność;;;;
Die;Abwesenheit(en);Nieobecność;;;;
;trügen;Mylić kogoś/się, zwodzić kogoś;;;;
;Der Schein trügt;Pozory mylą;;;;
;peinlich;Kłopotliwy, przykry, niezręczny;;;;
;Ohne Masken;Bez masek;;;;
;beschlossen;zawarty, coś jest zwarte, znajduje się w;;;;
;Nach Reihenfolge;Według kolejności;;;;
Der;Blutdruck;Ciśnienie krwi;;;;
;hektisch;Burzliwy;Pośpieszny, gorączkowy;;;
Die;Hektik;Gorączkowy pośpiech;;;;
;Nur keine Hektik;Tylko spokojnie;;;;
;dünn;Cienki (sweter, materac, głos, zupa, kawa, koc);;;;
;ab|setzen;Zdejmować, odstawiać;;;;
;Entweder etwas oder etwas;Albo coś albo coś;;;;
Der;Ansporn;zachęta;;;;
;Nicht mehr die Lust haben;Nie chcieć się już, nie mieć już ochoty;;;;
;reich;Bogaty;;;;
;arm;biedny;;;;
Der;Gedanke(n);Pomysł;Myśl;zamiar;;
;künstlich;sztuczny;wymuszony;;;
;krass;Radykalny, ekstremalny, skrajny;dobitny;;;
;wimmeln;Roić się ;Miotać się;;;
;Hier es wimmelt von Mücken;Tu roi się od komarów;;;;
;Es ist nicht alles Geld, was glänzt;Nie wszystko złoto, co się świeci;;;;
Der;Strafzeffel;mandat;;;;
;Umgeben;otaczać;;;;
;Umgeben von Bergen;Otoczony przez góry;;;;
Die ;Beratung(en);Porada, narada;;;;
Das;Märchen;Baśń, bajka;;;;
;ab|nehmen;szczupleć, tracić na wadze;zmniejszać;;;
;erleben;doświadczać;Przeżywać;Przekonać się;;
Der;Wunsch;życzenie;;;;
Das;Gewicht;Waga, ciężar;;;;
;verändern;Odmieniać;modyfikować;;;
;Auf Dauer;W końcu, na stałe;;;;
;satt;syty;;;;
;entspannen;rozluźnić;;;;
;gründen;Założyć (szkołę, firmę;;;;
Die;Mühe;Trud, wysiłek;;;;
;übernehmen;Przejmować (zadanie), wziąć na siebie;;;;
;zuverlässig;Niezawodny, skuteczny;;;;
;verfassen;Redagować;;;;
Der;Beitrag;Składka;Artykuł;Audycja/program;;
Die ;Blogeinträgen;Wpisy na blogu;;;;
Das;Vertrauen;zaufanie;;;;
;vertraulich;Poufny, tajny;Poufały, zażyły;;;
;vertrauen;ufać;;;;
;Ehrlich gesagt;Szczerze mówiąc;;;;
;aus|helfen;Poratować, wspomóc;;;;
Das;Haushaltgerät;Sprzęt AGD;;;;
Die;Nachricht(en);Wiadomość, informacja;;;;
;ehemalig;były;;;;
Die;Gewalt;władza;;;;
Die;Ausübung;Wykonywanie, sprawowanie, pełnienie;;;;
;In Ausübung ihrer Plicht;Podczas pełnienia swoich obowiązków;;;;
;vorhersehen;Przewidzieć, przewidywać;;;;
;an|weisen;Polecać komuś coś zrobić;;;;
Die;Einsamkeit(en);samotność;;;;
Der;Bedarf;Potrzeba;zapotrzebowanie;;;
;hassen;nienawidzić;;;;
;Hassen etwas zu tun;Nienawidzić coś robić;;;;
;obwohl;Choć, chociaż, jednakże;;;;
;luxuriös;luksusowy;;;;
;kommunizieren;komunikować;;;;
;kugeln;Toczyć się;;;;
Die;Kugel(n);kula;;;;
Das;Miteinander;Współistnienie ze sobą;;;;
;Von Anfang an;Od początku;;;;
Die;Lehre(n);Nauka (zawodu);Ideologia;teoria;;
Der;Witz(e);dowcip;;;;
Der;Ursprung (Ursprünge);początek;pochodzenie;;;
Die ;Umgebung(en);Okolica, w pobliżu;;;;
;Im Hintergrund;W tle;;;;
Der;Hintergrund;Tło, dalszy plan;;;;
;wert;Warty (zobaczenia, 300 zł);;;;
;Sehenswert;Warty zobaczenia;;;;
Das;Strafmandat;mandat;;;;
;Darf ich bitte vorbei?;Czy mogę przejść?;;;;
Der;Schock(s);szok;;;;
;Unter Schock stehen;Być w szoku;;;;
;Einen Schock bekommen;Doznać szoku;;;;
;Einen Schock auslösen;Wywołać szok;;;;
;aus|lösen;Wywołać, wywoływać;;;;
Die;Oberfläche(n);powierzchnia;;;;
;flach;płaski;;;;
;platt;płaski;Kiepski np. żart;;;
Der ;Schutz (Schütze);ochraniacz;;;;
Der;Helm(e);kask;;;;
Die;Zahl;Liczba ;Kod liczbowy;;;
Das;Schloss (Schlösser);Zamek (w spodniach, w drzwiach, jako budynek);;;;
Das ;Verkehrsschild(e);Znak drogowy;;;;
Die;Kreuzung(en);skrzyżowanie;;;;
Der;Fahrradständer;Stojak na rowery;;;;
Der;Ständer;stojak;;;;
;leihen;pożyczać;;;;
Der;Verleih;wypożyczalnia;;;;
;mieten;Wynająć ;;;;
;benötigen;potrzebować;;;;
Das;Zubehör(e);Osprzęt, wyposażenie;;;;
;passend;pasujący;;;;
;liefern;dostarczać;;;;
;Zuende bringen;Doprowadzać do końca;;;;
;gebraucht;używany;;;;
;Sich spezialisieren;Specjalizować się ;;;;
Die;Gebrauchsanweisung;Instrukcja obsługi;;;;
;auf|machen;Otwierać;;;;
;zu|machen;zamykać;;;;
;an|machen;Włączać ;;;;
;aus|machen;wyłączać;;;;
Die;Heizung;ogrzewanie;;;;
;Die Tür ist auf/zu;Drzwi są otwarte/zamknięte;;;;
;Das Radio ist an/aus;Radio jest włączone / wyłączone;;;;
;ab|nehmen;Odbierać (książkę, telefon);;;;
;liquidiert;zlikwidowany;;;;
Die;Siedlung;osiedle;;;;
Die;Anwendung;Aplikacja (program, tampona);;;;
Die;Applikation;Aplikacja (program, tampona);;;;
Das;Program;program;;;;
;an|knöpfen;Zapinać na guziki;;;;
;wovon;Od którego / o którym;;;;
;Ein Problem, wovon ich keine Ahnung habe;Problem, o którym nie miałem pojęcia;;;;
;Es gibt vieles, wovon du keine Ahnung hast;Jest wiele spraw, o których nie masz pojęcia;;;;
;Dies kann man auf viele verschiedene Arten erfolgen;Można to zrobić na wiele różnych sposbów;;;;
Die;Art(en);Sposób, rodzaj, forma;;;;
Die;Weise(n);sposób;;;;
;Auf diese Weise;W ten sposób;;;;
;Kreuzen (mit etwas);Krzyżować się (z czymś);;;;
;Vorbei;Obok / koło;;;;
;Am Bahnhof vorbei und dann rechts;Obok dworca i potem w prawo;;;;
;funktionieren;Funkcjonować, działać (program, maszyna);;;;
;wirken;Działać (lek, substancją);;;;
Das;Faxgerät;faks;;;;
;nützlich;Pożyteczny, przydatny;;;;
;überflüssig;zbędny;;;;
;heutzutage;Obecnie, w dzisiejszych czasach;;;;
;wieder;Znowu, znów;;;;
;weiter;dalej;;;;
;noch;jeszcze;;;;
Die;Dienstleistung(en);usługa;;;;
Die;Spülmaschine;zmywarka;;;;
Die;Waschmaschine;pralka;;;;
;Gute Besserung;Dużo zdrowia, szybkiej poprawy;;;;
Die;Besserung;poprawa;;;;
;Verbesserung gegenüber der letzten Woche;Poprawa w stosunku do zeszłego tygodnia;;;;
;hoffen;Mieć nadzieję;;;;
;Sich um jemanden kümmern;Dbać, troszczyć się o kogoś;;;;
;Für jemanden sorgen;Dbać, troszczyć się o kogoś;;;;
;höflich;Uprzejmy (ukłon, odmowa);;;;
;feundlich;Uprzejmy, przyjacielski (ton, gest);;;;
;Für morgen;Na jutro;;;;
Der;Herd;Kuchenka (gazowa, indukcyjna);;;;
Der;Briefmark;Znaczek pocztowy;;;;
;buchen;Zarezerwować, zabukować;;;;
;Heute noch;Jeszcze dziś;;;;
Die;Rechnung;rachunek;;;;
;riechen;pachnieć/mieć zapach;;;;
;seltsam;Dziwny, osobliwy;;;;
;merkwürdig;Dziwny, osobliwy;;;;
;zurechtkommen;Dojść do ładu, dogadać się, poradzić sobie;;;;
Der;Drucker(s);drukarka;;;;
;drucken;Drukować;publikować;;;
;Kein Wunder, dass;Nic dziwnego, że;;;;
Das;Organ(e);organ;;;;
Der;Körperteil(e);Część ciała;;;;
Die;Leber(n);wątroba;;;;
;Frisch von der Leber weg;Bez owijania w bawełnę;;;;
;Eine Entscheidung über etwas treffen;Podjąć decyzję o czymś;;;;
;Ich habe mich entscheiden;Zdecydowałam się;;;;
Die;Entscheidung(en);decyzja;;;;
;Nach oben;W górę;;;;
;Täglicher Gebrauch;Codziennego użytku;;;;
Der;Gebrauch;Użytek, użycie;;;;
Der;Alltagsgegenstand (Alltagsgegenstände);Przedmiot codziennego użytku;;;;
Der;Erfolg(e);sukces;;;;
;Mit Erfolg;Z sukcesem;;;;
;erweisen;Okazać się;;;;
;Sich als richtig erweisen;Okazać się właściwym;;;;
Der;Betrag;kwota, suma;;;;
Die ;Programmiersprache;Język programowania;;;;
Der;Verdienst;zarobek;;;;
;Das hängt davon ob, in welchem Unternehmen man arbeitet;To zależy od tego, w jakim przedsiębiorstwie się pracuje;;;;
;Du bist angestellt;Jesteś zatrudniony;;;;
Der;Brauch;zwyczaj;;;;
Der;Arebitsvertrag;Umowa o pracę;;;;
Die;Steuer(n);podatek;;;;
Der;Dienstvertrag;Umowa zlecenie;;;;
Der;Hauptführende;Główny prowadzący;;;;
Die;Erfahrung;doświadczenie;;;;
;Auf der anderen Seite;Z innej strony;;;;
Die;Vermutung;przypuszczenie;;;;
;vermuten;Przypuszczam, zakładam;;;;
Der;Befund;Orzeczenie lekarskie;;;;
Die;Krise(n);kryzys;;;;
Die;Beschwerde;skarga;;;;
Der;Diabetes;cukrzyca;;;;
;Ausgebucht sein;Brak wolnych miejsc, “być zabukowanym”;;;;
;Keine offenen Stellen;brak wolnych miejsc;;;;
;woher;skąd;;;;
;wohin;dokąd;;;;
;also;więc;;;;
;deswegen;Dlatego, z tego powodu;;;;
;deshalb;Dlatego, z tego powodu;;;;
;weil;ponieważ;;;;
;beseitigen;usuwać;;;;
;Schaden beseitigen;Usuwać szkody;;;;
;überlasten;Przeciążać;obładowywać;;;
Der;Kajak(s);Kajak;;;;
Das ;Paddel(s);wiosło;;;;
;paddeln;Wiosłować;Uprawiać kajakarstwo;Pływać pieskiem;;
;ziemlich;Dosyć/trochę np. Dosyć wąsko, daleko;;;;
;weiter|gehen;Iść dalej;;;;
Das ;Verkehrsmittel(s);Środek transportu;;;;
;Meinen dazu;Sądzić / uważać o czymś;;;;
;begründen;uzasadniać;;;;
;trampen;Podróżować autostopem;;;;
;zunächst;Najpierw;Na razie;;;
Die;Reparatur;naprawa;;;;
;behalten;Zatrzymać (coś sobie);;;;
;vorspielen;Zagrać (coś komuś);;;;
Die;Notiz(en);notatka;;;;
;Gestrig(en);wczorajszy;;;;
Der;Unterricht(e);Lekcja, zajęcia;;;;
;Nichts speziales;Nic specjalnego;;;;
Die;Kompetenz;kompetencja;;;;
Das ;Treffen(Treffen);spotkanie;;;;
;Wir haben gut gemacht;Zrobiliśmy to dobrze;;;;
;Der erste Kandidat;Pierwszy kandydat;;;;
;damid die Test angenommen wird;Aby test został przyjęty (przeszedł);;;;
;Wir haben geglaubt;My myśleliśmy;;;;
;An äncicher Stelle in Krakau verdienen;Na podobnym stanowisku w Krakowie zarabiać;;;;
;Bis jetzt;Do teraz;;;;
;bisher;Do teraz, dotąd;;;;
Die;Wasserrate;Amator pływania;;;;
;beibringen;Uczyć kogoś czegoś;;;;
;dabai haben;Mieć ze sobą;;;;
;Spielen gegen + AKK;Grać z (przeciw);;;;
Die;Kletterwand(e);Ścianka wspinaczkowa;;;;
;besteigen;Wspinać się;;;;
Die;Stammkneipe(n);Ulubiona knajpa;;;;
;In Anspruch nehmen;Absorbować, zajmować ;;;;
Die;Spielhälfte;Połowa meczu;;;;
;trennen;dzielić;;;;
Das;Spielfield;boisko;;;;
;wachsen;woskować;;;;
Der;Kampfsport;Sport walki;;;;
Die;Socke(n);Skarpetka;;;;
;Sich auf die Socken  machen;Zbierać się do wyjścia;;;;
;Von den Socken sein;Być zdumionym;;;;
;Hin und zurück oder einfach;Tam I z powrotem czy w jedną stronę;;;;
;übrigens;A propos, z resztą;;;;
;Macht nichts;;;;;
;Um die Ecke;Za rogiem;;;;
;Lassen jemandem wissen, ob;Dać komuś znać, czy;;;;
;widmen;poświęcać (czas, uwagę);;;;
Der;Ernst;powaga;;;;
;Allen Ernstes;Całkiem serio;;;;
;ernst;poważny;;;;
;empfangen;Otrzymać;Odbierać sygnał;;;
Das;Boot(e);łódź;;;;
Die;Brücke(n);most;;;;
Der;Steg(e);Kładka, przejście nadziemne;;;;
Der;Überweg;Kładka, przejście nadziemne;;;;
;vorne;Z przodu;;;;
;hinten;Z tyłu;;;;
;oben;Na górze;;;;
;unten;Na dole;;;;
;Auf Abstellgleis geschoben sein;Być ostawionym na boczny tor;;;;
;Um wie viel Uhr;O której godzinie;;;;
;ab|stellen;odstawić;;;;
;populär;popularny;;;;
;Gibt es hier am Bahnhof einen Fahrkartenautomat;Czy jest dziś tu na dworcu automat biletowy;;;;
Der;Fernseher;telewizor;;;;
;Da vorne;Tam, z przodu;;;;
;Da drüben;Tam, po tamtej stronie;;;;
;hinauf;W górę (po schodach);;;;
Der;Imbiss(e);Przekąska ;Bar z przekąskami;;;
Der;Imbisswagen(s);foodtruck;;;;
;herunter;W dół, na dół (po schodach);;;;
Der ;Anschluss;Połączenie (pociągiem, telefoniczne);;;;
Der;Bahnsteig(e);peron;;;;
;gelingen;Udać się;Powieść się;;;
;geraten;doradzić;;;;
;raten;radzić;;;;
Die;Überschwemmung(en);powódź;;;;
;assertive;asertywny;;;;
Die;Unterführung;Przejście podziemne;;;;
Der;Durchgang(Durchgänge);Przejście;;;;
;Verabreden sich;Umówić się;;;;
;gleichzeitig;jednocześnie;;;;
;an|kommen;przybywać;;;;
;ab|fliegen;odlatywać;;;;
Die;Verspätung(en);spóźnienie;;;;
;kosten;Kosztować (pieniądze, jedzenie);;;;
;ein|steigen;wsiadać;;;;
;aus|steigen;wysiadać;;;;
;um|steigen;przesiadać;;;;
Die;Ankunft(en);przybycie;;;;
Die;Abfahrt(en);odjazd;;;;
Der;Abflug(es);odlot;;;;
Der;Schalter(s);okienko;Włącznik/przełącznik;;;
Der;Ausgang(Ausgänge);wyjście;;;;
Die ;Durchsage;komunikat;;;;
Der;Informationsschalter;Okienko z informacją;;;;
Der ;Eingang(Eingänge);wejście;;;;
Der;Nebel(s);mgła;;;;
Der;Stammkunde;Stały klient;;;;
;durchsetzungsfähig;Asertywny / stanowczy;;;;
Der;Beschluss(Beschlüsse);Postanowienie;;;;
;beschließen;Postanowić ;zdecydować;;;
Die;Verbindung;połączenie;;;;
;Direkte Verbindug;Bezpośrednie połącznie;;;;
;komisch;komiczny;;;;
Das;Gericht(e);sąd;;;;
Das;Erbe(s);Spadek (po kimś);;;;
Die;Erbschaft(en);Spadek (po kimś);;;;
Der;Gegner;przeciwnik;;;;
Die;Überflutung(en);powódź/zalanie;;;;
Der;Stöckelschuhe;Wysokie obcasy;;;;
;Verboten;Zakazany;;;;
;Sich irren;Mylić się;;;;
;Ich habe mich geirrt;Myliłam się;;;;
;Im Kochen;W gotowaniu;;;;
Das ;Schreiben;pismo;;;;
;schicken;wysłać;;;;
;Per Einschreiben;Listem poleconym;;;;
;betrunken;pijany;;;;
;sturzbetrunken;Pijany jak bela / w sztok;;;;
Die;Beschränkung(en);obostrzenie;;;;
;Prügeln sich mit jemandem wegen etwas;Bić się z kimś z powodu czegoś;;;;
;Sich um etwas prügeln;Bić się z kimś o coś;;;;
;erwünscht;Mile widziany/wymagany;;;;
;Gelten (gilt);Obowiązywać, być w mocy;;;;
;Gott sei Dank!;Bogu dzięki;;;;
Die ;Vernunft;rozsądek;;;;
;Nimm doch Vernunft an!;Opamiętaj się;;;;
;Jemand zur Vernunft bringen;Przemówić komuś do rozsądku;;;;
;Zeit verchwenden;Marnować czas;;;;
;vergeuden;Marnować/ trwonić (czas, pieniądze);Szastać (pieniędzmi);;;
;verschwenden;Marnować/ trwonić (czas, pieniądze);Szastać (pieniędzmi);;;
;verpassen;Przegapić (okazję, busa);Spóźnić się;;;
;vermissen;tęsknić;;;;
;erschöpft;wykończony;;;;
;verschwitzt;spocony;;;;
;schwitzen;Pocić się;;;;
;überrascht;zaskoczony;;;;
;überraschen;Zaskoczyć, zaskakiwać;;;;
Der;Eingang;Wejście;Bramka (np. Na lotnisku);;;
Der;Zuschuss (Zuschüsse);Dopłata;dotacja;;;
;An Bord;Na pokład;;;;
;Verteilen unter/an + AKK;Rodzielać pomiędzy;;;;
;kaputt;zepsuty;;;;
;Zu Hause;W domu;;;;
;Nach Hause;Do domu;;;;
;Nach Deutschland;Do Niemiec;;;;
;In dem Parkplatz;Na parkingu (być, stać);;;;
;In den Parkplatz;Na parking (jechać);;;;
;Zum Artz;Do lekarza;;;;
;Beim Artz;U lekarza;;;;
;In Wien;W Wiedniu;;;;
;Ins Kino;Do kina;;;;
;In der Schweiz;W Szwajcarii;;;;
;In der Türkei;W Turcji;;;;
;jedoch;jednak;;;;
;Ein schwieriger Tag;Ciężki dzień;;;;
;Aber gestern musste ich;Ale wczoraj musiałam;;;;
Der;Stresstag;Stresujący dzień;;;;
;unterhalten;Utrzymywać (rodzinę);Podtrzymywać (rozmowę);Zabawiać, bawić się;;
;vorhaben;Zamierzać coś zrobić, mieć w planach;;;;
;beabsichtigen;Zamierzać coś zrobić, mieć w planach;;;;
;Wo + DATIV;gdzie;;;;
;Wohin + AKK;dokąd;;;;
Das;Haupt(Häupter);Głowa;mózg;;;
Die;Hauptstraße;Główna ulica;;;;
;unterschiedlich;Różny, różnorodny;odmienny;;;
;bewegen;Wprawiać w ruch, poruszyć;Poruszyć, wzruszyć;;;
Das ;Erlebnis(e);Wydarzenie;przeżycie;;;
Die;Ampel;Światła (na ulicy);;;;
;Vor dem / vorm;Przed czymś z der;;;;
Der;Hochzeitjahrestag(e);Rocznica ślubu;;;;
;begeistert;zachwycony;;;;
;Fürchten um AKK;Obawiać się o;;;;
Das;Segeln;Żeglowanie/żegluga;;;;
Die;Angst(Ängste);strach;;;;
Die;Klimaanlage(n);Klimatyzacja;;;;
;Entscheidungen treffen;Podejmować decyzje;;;;
;Verlaufen sich;zabłądzić;;;;
;Den Strand entlang;Wzdłuż plaży;;;;
;Muscheln sammeln;Zbierać muszelki;;;;
;sammeln;Zbierać / kolekcjonować;;;;
Die ;Sammlung(en);kolekcja;;;;
;Lernen kennen;Poznać, poznawać;;;;
;damals;wtedy;;;;
;Beim Lagefeuer;Przy ognisku;;;;
;In dieser Zeit;W tym czasie, w tamtym czasie;;;;
Die;Versicherung(en);ubezpieczenie;;;;
Der;Verkauf;sprzedaż;;;;
Das;Schnäppchen;Okazja, okazyjny zakup;;;;
;wunderschön;cudowny;;;;
;Der Blick auf AKK;Widok na coś;;;;
Der;Parkplatz;parking;;;;
;vor;Przed czymś;;;;
;an;Przy/ na czymś (pion);;;;
;auf;Na czymś (poziom);;;;
;hinter;Za czymś;;;;
;neben;Obok/koło czegoś;;;;
;über;Nad czymś;;;;
;unten;Pod czymś;;;;
;An der Bushaltestelle;Na przystanku autobusowym;;;;
;Auf dem Parkplatz;na parkingu;;;;
;In die Schule;Do szkoły;;;;
;In der Schule;W szkole;;;;
;zwischen;pomiędzy;;;;
;Unter den Haüsern;Pod domami;;;;
;An der Ampel;Na światłach;;;;
;In der Nähe;W pobliżu;;;;
Das ;Restaurant;restauracja;;;;
Der ;LKW /elkawe/;ciężarówka;;;;
Der;PKW /pekawe/;Samochód osobowy;;;;
Das ;Gleis(e);Tor (pociąg);;;;
Die;Immobilie(n);nieruchomości;;;;
;kompliziert;skomplikowany;;;;
;nieder|fallen;Spadać, upadać;;;;
Die;Lust;ochota;pożądanie;;;
;Zu etwas Lust haben;Mieć na coś ochotę;;;;
;unterwegs;W trasie/w podróży/ w drodze;;;;
;Fremde Männer;Obcy mężczyźni;;;;
;Die erste Straße rechts/links;Pierwsza ulica w prawo / lewo;;;;
;geradeaus;prosto;;;;
;circa;około;;;;
;etwa;około;;;;
;ungefähr;około;;;;
;Auf der rechten Seite;Po prawej stronie;;;;
;zu Fuß;Na piechotę;;;;
;Mit dem Bus;Autobusem (jechać);;;;
;bigen;skręcać;;;;
;Bigen nach rechts;Skręcać w prawo;;;;
;ab|biegen;skręcać;;;;
;Biegen Sie links ab;Proszę skręcić w lewo;;;;
;Am Flughafen;Na lotnisku;;;;
;ab|holen;Odebrać (np. Dziecko z przedszkola, bagaż z przechowalni);Jechać po kogoś;;;
;Wie weit ist es zum;Jak daleko jest do;;;;
;Kann ich dahin zu Fuß gehen;Czy mogę tam dojść na piechotę;;;;
Der ;Bus;Autobus, bus;;;;
Die;U-Bahn;metro;;;;
Die;Straßenbahn;tramwaj;;;;
Der;Zug;pociąg;;;;
Das;Taxi;taxi;;;;
;daneben;Tam obok;;;;
;Weiter geradeaus;Dalej prosto;;;;
;Sowohl etwas als auch etwas anderes;Zarówno coś jak i coś innego, nie tylko coś, lecz także coś innego;;;;
;sowohl;Nie tylko / zarówno;;;;
Die;Post;poczta;;;;
;Am vierzehnten vierten;W dniu czternastego kwietnia;;;;
;Vom sechzehnten vierten;Od dnia szesnastego kwietnia;Z dnia szesnastego kwietnia;;;
;Heute ist der zwanzigste zwölfte;Dziś jest dwudziesty grudnia;;;;
Der;Zettel;Kartka (papieru);;;;
Der;Kassenzettel;paragon;;;;
Der;Einkaufszettel;Lista zakupów;;;;
;Ab achtzehn Uhr;Od 18 (godziny);;;;
;Bis achtzehn Uhr;Do 18 (godziny);;;;
Das;Gesetz(e);Ustawa;;;;
;Was für ein Wochentag ist der vierte Juli?;Co to za dzień tygodnia czwarty lipca?;;;;
Der;Rahmen;Ramka np. Na zdjęcie;;;;
Der;Küchentisch;Stół kuchenny;;;;
Das;Zertificat(e);certyfikat;Świadectwo;dyplom;;
;als;jako;;;;
Das;Geschenk(e);Prezent, upominek;;;;
;bunt;Kolorowy, barwny;Pstrokaty, pstry;mieszany;;
;an|fassen;Chwycić, chwytać;Podchodzić do sprawy/tematu;;;
;Jemand richtig/falsch anfassen;Traktować kogoś odpowiednio/nieodpowiednio;;;;
;ein|rahmen;Oprawić w ramkę;Okalać, otaczać;;;
;eingerahmt;Oprawiony (w ramkę);;;;
;Ein Datum bestimmen;Ustalić datę;;;;
;Jemand auf den Armen nehmen;Nabrać kogoś, naciągnąć;;;;
;Jemandem Beine machen;Pogonić kogoś;;;;
;Die Finger von etwas lassen;Zabrać łapy od czegoś, trzymać łapy z dala od;;;;
;Mit jemandem unter vier Augen sprechen;Rozmawiać z kimś w cztery oczy;;;;
;Ein Haar in der Suppe finden;Znajdować włos w zupie;;;;
;Seine Nase in etwas hineinstecken;Wtykać nos w nie swoje sprawy;;;;
;Mit dem Kopf durch die Wand wollen;Walić głową w mur;;;;
;Sich etwas hinter die Ohren schreiben;Wbić sobie do głowy;;;;
;In zwei Wochen;W ciągu dwóch tygodni ;Za dwa tygodnie;;;
;Ich habe die Anzahlung gemacht;Zrobiłam już płatność;;;;
;plötzlich;Nagle, raptownie;Niespodziewanie;;;
Der ;Umgang;Stosunki / kontakt;;;;
;Den Termin ändern;Zmienić termin;;;;
;Den Termin machen;umówić się / ustalić termin;;;;
;Den Termin bestimmen;umówić się / ustalić termin;;;;
;optimistisch;optymistyczny;;;;
Der;Autor;autor;;;;
Der;Urheber;Twórca, pomysłodawca;;;;
Der;Initiator;Inicjator, pomysłodawca;;;;
;So wie so;Jak tak, to tak;Tak, czy owak;;;
;tun;Czynić, robić;;;;
;umfangreich;Obszerny;;;;
Das ;Werk;Dzieło, praca, robota;;;;
Der;Bauer;rolnik;;;;
;kostbar;cenny;;;;
Das;Ausstellungstück;Eksponat (na wystawie);;;;
Das;Schinkenbrot;Kanapka z szynką;;;;
Der;Roman;powieść;;;;
;Mit großem Interesse;Z wielkim zainteresowaniem;;;;
;hinaus|sehen;Wyglądać (na zewnątrz, za okno);;;;
;besorgen;załatwić;;;;
Der;Konferenzionteilnehmer;Uczestnik konferencji;;;;
;ein|quatieren;zakwaterować;;;;
;In der Nähe;W pobliżu;;;;
Die;Münze;moneta;;;;
Die;Ansichtskart(en);pocztówka;;;;
Das;Verständnis;zrozumienie;;;;
;überreichen;wręczać;;;;
Der;Geschäftspartner;Partner biznesowy;;;;
Der;Bekannte(n);znajomy (kolega);Znany (aktor);;;
;Leihen von jemand etwas;Pożyczać coś od kogoś;;;;
;Leihen jemand etwas;Pożyczać coś komuś;;;;
;vorstellen;przedstawić;;;;
;verabreden;uzgadniać;;;;
;Gehen zu Fuß;Iść na piechotę;;;;
;kaputt;zepsuty;;;;
;entfernt;oddalony;;;;
Der;Igelkopf;Obcięty na jeża;;;;
Das;Taschengeld;kieszonkowe;;;;
;Denker darüber;Myśleć o;;;;
;mitfühlen;współczuć;;;;
Die ;Ehe;małżeństwo;;;;
;Scheiden lassen;;;;;
Die;Trauung;ślub;;;;
;standesamtliche;cywilny;;;;
;kirchliche;kościelny;;;;
Die;Trennung;separacja;;;;
Die;Schwangerschaft;ciąża;;;;
;ungewollt;niechciany;;;;
;scheiden;Rozwodzić się ;dzielić;;;
Das;Schmerzmittel;Środek przeciwbólowy;;;;
Die;Geburt(en);narodziny;;;;
;zwar;Wprawdzie, jednak, mianowicie;;;;
;verbringen;Spędzać (czas);przewozić;;;
;zu|bringen;Spędzać (czas);;;;
;übermorgen;pojutrze;;;;
;Von wann bis wann;od kiedy do kiedy;;;;
;ehrlich;Uczciwy, szczery;;;;
Die;Spezialität(en);specjalność;;;;
Der;Vertreter;przedstawiciel;;;;
Die;Armbanduhr;Zegarek na rękę;;;;
Die;Erzählung(en);opowiadanie;;;;
;spanned;ciekawy;;;;
;genauso;Równie / tak samo;;;;
;frech;bezczelny;;;;
;wirken;Działać (lek, substancją);;;;
;streng;surowy;;;;
;Ist bei weitem leichter als;Jest o wiele lżejszy niż;;;;
Der;Lernstoff;Materiał nauczania / do nauki;;;;
;Ende Februar;Koniec lutego;;;;
Das;Ende;koniec;;;;
;Mitte Juni;połowa czerwca;;;;
;Anfang April;Początek kwietnia;;;;
Der;Anfang (Anfänge);poczatek;;;;
Die;Konzentration(en);koncentracja;;;;
Die;Depression(en);depresja;;;;
Die ;Anmeldung(en);zapowiedź;zgłoszenie;rejestracja;Zapisanie się (np. Na kurs);
;versuchen;Próbować, usiłować;;;;
Der;Elan;Entuzjazm, zapał;;;;
Der;Optimismus;optymizm;;;;
;bieten;Oferować, zapewniać;;;;
;genießen;Rozkoszować się, delektować;;;;
Die;Therapie(n);terapia;;;;
;inklusive;zawarty, w tym (np. Obiad);;;;
Die;Angebot(e);Propozycja, oferta;;;;
Der;Absender;nadawca;;;;
Der;Ort;miejsce;;;;
Der;Empfänger;Adresat, odbiorca;;;;
Der;Betreff;W związku z, dotyczy;;;;
Die;Anrede(n);Tytułowanie, tytuł, zwrot grzecznościowy;;;;
Der;Gruß;pozdrowienie;;;;
Die;Unterschrift;podpis;;;;
;deprimiert;Przygnębiony;;;;
;aus|probieren;wypróbować;;;;
;an|reden;Zwracać się do kogoś;;;;
Die;Verlobung;zaręczyny;;;;
Die ;Taufe;chrzest;;;;
;taufen;ochrzcić;;;;
;auf|tragen;Serwować;podać do stołu;Nanieść (farbę, make-up);;
;Jemand auftragen etwas zu tun;Zlecić komuś zrobienie czegoś;;;;
;Ludwig der Zweite;Ludwik II;;;;
;Der dreißigjährige Krieg;Wojna trzydziestoletnia;;;;
Der;Krieg(e);wojna;;;;
Die;Verordnung(en);rozporządzenie;;;;
;Ans Meer;Nad morze;;;;
Die;Ordnungszahl(en);Liczba porządkowa;;;;
Die;Ordinalzahl(en);Liczba porządkowa;;;;
;Antworten auf die Frage;Odpowiadać na pytanie;;;;
;wendig;Zręczny, obrotny;zwrotny;;;
;Zu zweit;We dwójkę;;;;
Der;Assistent;asystent;;;;
Die;Stellungnahme;Wypowiedź, stanowisko;;;;
;statt|finden;Mieć miejsce, odbywać się, dziać się;;;;
;beschämend;Upokarzający;Żenujący, zawstydzający;;;
;beschämen;Upokarzać;Zawstydzać, żenować;poniżać;;
;schreien;Krzycześ, wrzeszczeć;płakać;;;
;weinen;płakać;;;;
;fürchten;Obawiać się ;Bać się;;;
;Um jemand/etwas fürchten;Bać się o kogoś / coś;;;;
Der;Schatten;Cień (drzewa, pod oczami);;;;
Der;Kreis(e);Krąg, koło;Strefa, zakres;okręg;;
;Bekümmern (sich);Martwić, zasmucać (się/kogoś);;;;
;beerdigen;Chować/grzebać (zmarłego);;;;
Die;Panik(en);panika;;;;
Die;Trageödie(n);tragedia;;;;
Die;Plauderei(en);pogawędka;;;;
;plaudern;gawędzić;;;;
Der;Anlass(Anlässe);Powód, przyczyna;Okazja, sposobność;;;
;das gibt Anlass zur Sorge;To daje powód do zmartwienia;;;;
;eilig;Nagły, pilny;pospieszny;;;
;dringend;Nagły, pilny;;;;
;Keine Ursache;Nie ma za co (na dziękuję);;;;
Die;Ursache(n);Powód, przyczyna;;;;
;Ursache und Wirkung;Przyczyna i skutek;;;;
Die;Wirkung(en);Efekt, działanie;Skutek;;;
;auf|kreuzen;Pokazać się, pojawić się, zjawić;;;;
Der;Moment;Moment, chwila;;;;
;an|kreuzen;Zaznaczyć krzyżykiem, zakreślić;;;;
;Raus da!;Wynocha stąd;;;;
;erörtern;Rozstrząsać;Rozwodzić (nad tematem);;;
;Angewöhnt sein;Być przyzwyczajonym;;;;
;Umwelt schützen;Chronić środowisko;;;;
Die;Umwelt;Środowisko naturalne;;;;
;schützen;chronić;;;;
;an|gewöhnen sich;Przyzwyczaić się;;;;
;Jemand etwas angwöhnen;Wpoić coś komuś, przyzwyczaić kogoś do czegoś;;;;
Der;Politiker;polityk;;;;
Die;Politik(en);polityka;;;;
;Nicht bewährte Weise;Nie sprawdzony sposób;;;;
;Im voraus;Z góry (np. Przy dziękuję);;;;
;Den Termin ab|sagen;Odwołać termin;;;;
;Den Termin vereinbaren;Ustalić termin;;;;
;Den Termin verschieben;Przesunąć termin;;;;
Die;Weise(n);sposób;;;;
;bewährt;Wypróbowany, sprawdzony;;;;
Die;Arznei(en);lekarstwo;;;;
;erlaubt;dozwolony;;;;
;Zum Weg nehmen;Wziąć na wynos;;;;
Die;Karte(n);Karta ;bilet;;;
;Karten spielen;Grać w karty;;;;
;Dorthin gehen;Iść tam;;;;
;Berliner;Berliński;;;;
;Warchauer;warszawski;;;;
;Vierbettzimmer;Pokój czteroosobowy;;;;
;egal;obojętny;;;;
;Jemanden finden;Kogoś poznać / znaleźć;;;;
;Irgendein Hobby;Jakieś hobby;;;;
;Wenn Sie die neue Arbeit finden;Jeśli znajdzie pani nową pracę;;;;
;Im Internet;W internecie;;;;
Das;Internet;internet;;;;
;berühren;dotykać;;;;
;an|fassen;Dotknąć, chwycić;;;;
;bestimmen;przeznaczyć;;;;
;Zu|weisen;przydzielić;;;;
Die;Kohle(n);węgiel;;;;
Die;Allergie(n);alergia;;;;
;kündingen;Wypowiedziecć (umowę);;;;
;äußern;Wypowiedzieć (pogląd, stanowisko);;;;
;aus|sprechen;Wypowiedzieć (pogląd, stanowisko);;;;
Die;Wissenschaftliche Forschungstätigkeit;Badania naukowe;;;;
Die;Forschung(en);Badanie, dociekanie;;;;
Die;Wissenschaft(en);nauka;;;;
Die;Körperschaft(en);korporacja;;;;
;als;Jako;Niż (coś);;;
;Besser als bei der Arbeit;Lepiej niż w pracy;;;;
;Als ob;Jak gdyby;;;;
;Gleich als ob;Tak samo, jakby;;;;
;Gießen;Wlać, nalać;Podlać (np. Kwiaty);;;
;hinaus|tragen;wynosić;;;;
;ob;czy;;;;
;Oder;albo;;;;
;raus|gehen;wychodzić;;;;
Der;Eierkuchen;naleśnik;;;;
Der;Quark;twaróg;;;;
;Mal Sonne, mal Regen;Raz słońce, raz deszcz;;;;
Die;Schaukel(n);Huśtawka;;;;
;vor|nehmen (sich);przedsięwziąć;;;;
;impfen;szczepić;indoktrynować;;;
;Sich impfen lassen;Zaszczepić się;;;;
;vor|setzen;Sadzać kogoś z przodu, przesiadać się do przodu;Serwować, częstować;;;
;abhängig;Zależny;uzależniony;;;
;wetterabhängig;Zależny od pogody;;;;
;süchtig;uzależniony;;;;
;vor|bereiten;przygotowywać;;;;
;vorbereitet;przygotowany;;;;
;fertig;Skończony, gotowy (plan, obiad);;;;
;bereit;Przygotowany, gotowy (do wyjścia, drogi);;;;
;gelten;Być ważnym, być w mocy, obowiązywać;;;;
;geltend;Obowiązujący, aktualny;;;;
;veranstalten;Organizować (święto, koncert, demonstrację);;;;
;zelten;Biwakować, obozować;;;;
Das;Zelt(e);namiot;;;;
;Sich (mit jemand) befreunden;Zaprzyjaźnić się z kimś;;;;
Das;Date(s);randka;;;;
Die;Verabredung(en);Randka;Umówione spotkanie;;;
;Verabreden (sich);umówić się;uzgodnić;;;
;Bei jemandem ist Hopfen und Malz verloren;Szkoda na kogoś zachodu/czasu (na kogoś marnuje się chmiel i słód);;;;
;Nicht alle Tassen im  Schrank haben;Mieć nie po kolei w głowie (nie mieć wszystkich filiżanek w komodzie);;;;
;prägen;Wytłaczać, wybijać (np. Monetę, medalik);kształtować;;;
;ab|laufen;Spłynąć;Opróżniać;Tracić ważność, wygasać;Mijać, upływać (czas, termin zapłaty);
;lenken;Prowadzić, kierować, sterować, pilotować;Prowadzić (debatę, spotkanie);;;
;steuern;Prowadzić, kierować, sterować, pilotować;;;;
;leiten;Kierować (zespołem);Rządzić;Prowadzić (debatę, spotkanie);;
Die ;Wergangenheit(en);przeszłość;;;;
;brauchbar;Zdatny, przydatny;;;;
;beschränkt;ograniczony;;;;
;beschränken;ograniczać;;;;
;schlau;mądry;;;;
;Am Telefon;Przy telefonie;;;;
Die;Arme(n);Biedny / biedaczka;;;;
;Ich Arme!;O ja biedny!;;;;
Der;Schwanz(Schwänze);ogon;;;;
;dreieckig;trójkątny;;;;
Die;Familie(n);rodzina;;;;
Das;Spiel(e);Gra, zabawa;;;;
;Dabei haben;Mieć ze sobą;;;;
Der;Termin(e);Termin;Wizyta, np. U lekarza;;;
;heiß;Gorący (dzień, zupa);upalny;;;
;Weg sein;Być nieobecnym;zniknąć;Odejść;minąć;
;vergessen;zapomnieć;;;;
;verlassen;porzucić;zostawić;Porzucony;Opustoszały;
;verlieren;Zgubić (coś / się);Stracić ;przegrać;;
;Sich in Details verlieren;zgubić się w szczegółach;;;;
;schmal;wąski;;;;
Der;Engpass(Engpässe);Wąskie gardło;przesmyk;Przełęcz;niedobór;
Der;Papagei(en);papuga;;;;
Die;Krankheit;choroba;;;;
Die;Gesundheit;zdrowie;;;;
;Über etwas lesen;Czytać coś o;;;;
;nun;Teraz;W międzyczasie;Jednak, więc;wtedy;
;Von nun an;odtąd;Od tego momentu;;;
Der;Trick(s);Sztuczka, trik;podstęp;;;
;irgendwo;Gdzieś;gdziekolwiek;;;
;Das ist mir völlig egal;Mam to gdzieś;Wszystko mi jedno;;;
;Wo auch immer;gdziekolwiek;;;;
;Ganz egal wohin;gdziekolwiek;Nieważne skąd;;;
;aus|sehen;Wyglądać na (zmęczonego, zadowolonego);;;;
;ganz schön;;;;;
;gegen;Przeciwko (czemuś);;;;
;Gegen die Schmerzen;Przeciwko (na) bólowi;;;;
;dick;Gruby;spuchnięty;;;
;Warten auf;Czekać na;;;;
;Fühlen sich;Czuć się;;;;
;trocken;Suchy, wyschnięty;czerstwy;wytrawny;nudny;
;Haben Rückenschmerzen;Mieć ból pleców;;;;
Der;Wohnungseinkauf;Zakupy domowe;;;;
Die ;Baumarketware;Towar budowlany;;;;
Der;Tod;śmierć;;;;
;Tod werden;umrzeć;;;;
Die;Zeitschrift;Czasopismo, magazyn;;;;
Die;Illustrierte;Magazyn ilustrowany;;;;
;Tut sehr weh;Bardzo boli;;;;
Die;Änderung(en);zmiana;;;;
Der;Druck;druk;Ciśnienie;Naciśnięcie;Presja;
;Hinter etwas Druck machen;Popychać coś;;;;
;vorsichtig;Ostrożny;przezorny;;;
Die;Vorsicht;UWAGA!;ostrożność;;;
;untersuchen;Badać (pacjenta, skład chemiczny);;;;
Die;Praxis;Praktyka lekarska (jako gabinet);;;;
;tot;martwy;;;;
;Erwarten (etwas);Oczekiwać (np. Zapłaty);;;;
;Er ist seit zwei Jahren trocken;On nie pije już od 2 lat;;;;
;eher;Wcześniej;Bardziej/raczej;;;
;bescheiden;skromny;nędzny;;;
Das;Fazit;podsumowanie;wniosek;;;
;auf|geben;przestać;;;;
;auf|hören;przestać;;;;
;damit;Tym / z tym;;;;
;Nichts damit zu tun haben;Nie mieć z tym nic wspólnego;;;;
;Verhalten sich;Zachowywać się;;;;
;zerstören;niszczyć;;;;
;ruinieren;rujnować;;;;
;kaputt|machen;zepsuć;;;;
;Schlecht werden;Zepsuć się, stać się zepsutym;;;;
;kulturell;kulturalny;;;;
;sinnvoll;Sensowny;satysfakcjonujący;;;
Die ;Zufriedenheit;satysfakcja;;;;
;Seine Arbeit macht ihm Spaß;Praca sprawia mu radość;;;;
;verrückt;szalony;;;;
;meist;Przeważnie;Na ogół;;;
;meistens;Przeważnie;Na ogół;;;
Der;Sprachraum;Obszar językowy;;;;
;Denken an;Myśleć o;;;;
Der;Fluss;rzeka;;;;
;Voll mit (Leuten);Pełen (ludzi);;;;
;stellen;postawić;;;;
;ab|sahnen;Obłowić się (potocznie);;;;
;Kräftig;Silny, zdrowy, bujny;Mocny;porządny;;
;wechseln;Zmienić (pracę, stronę, temat);;;;
 ;Gegen + AKK;Przeciwko (czemuś);Około (np. 8 rano);;;
;bedienen;Obsługiwać (klienta, urządzenie);;;;
Der;Meinung(en);Zdanie, pogląd;;;;
;faul;leniwy;;;;
;Etwas tun weh;Bolą (wiele rzeczy np. Nogi);;;;
;Etwas tut weh;Boli (coś, np. Oko);;;;
Die;PC-kentnisse;Znajomość obsługi komputera;;;;
;beruflich;zawodowo;;;;
Die;Dolmetscheragentur;Agencja tłumaczy;;;;
;Tätig sein;Pracować, być zatrudnionym;;;;
Der;Kundenberater;Doradca klienta;;;;
;kontaktfreudig;Chętnie nawiązujący kontakty;;;;
;Fest angestellt;Zatrudniony na stałe;;;;
;fest;Mocno;;;;
;Die Vorteile und Nachteile von;Plusy i minusy czegoś;Wady i zalety czegoś;;;
Die;Vorteil(e);zaleta;;;;
Die;Nachteil(e);wada;;;;
;darauf;Na tym, po tym, o tym;;;;
Das;Inland;kraj;;;;
Die;Party;impreza;;;;
Die;Fete;impreza;;;;
Das;Halligalli(s);Ostra impreza;;;;
;Eine Party veranstalten;Zorganizować imprezę;;;;
;ähnlich;Podobny;zbliżony;;;
;gleich;Taki sam;równy;;;
;solche;taki;;;;
;Gedrängt voll;zatłoczony;Przepełniony;pełny;;
;überfüllt;zatłoczony;Przepełniony;pełny;;
;angenehm;przyjemny;;;;
;Von weitem;Z oddali;;;;
;probieren;próbować;;;;
;lassen;zostawić;;;;
;Erlauben (jemand etwas);Pozwalać (komuś na coś);;;;
;zu|lassen;umożliwiać;;;;
;entwerfen;Projektować;;;;
;an|bieten;Oferować;Proponować;;;
;anstrengend;męczący;;;;
;verlangen;wymagać;żądać;;;
Die;Erfahrung;doświadczenie;;;;
;bedienen;obsługiwać;;;;
;letztens;ostatnio;;;;
;stellen;postawić;;;;
Der;Patient;pacjent;;;;
Das;Lösungwort;Rozwiązanie, słowo-rozwiązanie;;;;
;beschäftigt;zajęty;;;;
;kündigen;Zwalniać (kogoś);Wypowiedzieć (umowę, mieszkanie);;;
;Wie jetzt;Jak teraz;;;;
;Krach haben;Pokłócić się;;;;
;verschicken;wysyłać;;;;
;hoffentlich;Miejmy nadzieję (hopefully);;;;
;klappen;udać się;Powieść się;;;
;regelmäßig;Regularny;notoryczny;;;
Die;Arbeitsanzeige(n);Ogłoszenie o pracę;;;;
;Ich arbeitete;Pracowałam;;;;
;auf|steigen;awansować;;;;
Die;Betreuung(en);opieka;;;;
;In Wort und Schrift;W mówię i piśmie;;;;
;mindestens;przynajmniej;;;;
Die;Kommunikationsfähigkeit;komunikatywność;;;;
Die;Krach;Kłótnia (potocznie);;;;
Der;Abteilungsleiter;Kierownik działu;;;;
;schätzen;sznować;;;;
Die;Gehaltserhöhung;podwyżka;;;;
;Befördert werden;Zostać awansowanym;;;;
;Ein|tragen;Wpisywać;Wypełniać;Nanieść, wprowadzić (np. Poprawki);Przysparzać (krytyki, sympatii);
;inbegriffen;Zawarty (w czymś);;;;
;zusätzlich;dodatkowo;;;;
;Das erste Mal;Pierwszy raz;;;;
;Vor der Pandemie;Przed pandemią;;;;
;schlimm;Kiepski, zły;;;;
;knapp;Ledwo wystarczający, niewielki;Ledwo;;;
;Verpassen;Przegapić (okazję, bus);Spóźnić się;Minąć się z kimś;;
;dabei;Przy sobie, obok;W pobliżu;;;
Das;Mal;raz;;;;
;Ein anderes Mal;Innym razem;;;;
;eigentlich;Prawdziwy, rzeczywisty, faktyczny, właściwy;;;;
;einige;Trochę, parę, kilka (np. Osób);Nieliczni;;;
;Kontrollieren;Kontrolować;;;;
Der;Verbrecher ;przestępca;;;;
;be|raten;doradzać;;;;
;gefährlich;niebezpieczny;;;;
;Gern im Team arbeiten;Chętnie pracować w zespole;;;;
Die;Karrierechance;Szansa zawodowa (na zrobienie kariery);;;;
;Erwarten von + DATIV;Oczekiwać od (czegoś, kogoś);;;;
;verdienen;zarabiać;;;;
Die;Stelle;Miejsce;Stanowisko;Posada;placówka;
;Offene Stelle;wakat;;;;
;Fragen stellen;Zadawać pytania, stawiać pytania;;;;
;stellen;Postawić, stawiać;Umieszczać;zadawać;;
;Im Zimmer;W pokoju;;;;
;zurecht|kommen;Poradzić sobie;Dogadać sie;Dojść do ładu;;
;an|raten;doradzić;;;;
;fettig;tłusty;zatłuszczony;;;
Das;Netz;Sieć (pajęcza, na ryby, internet, powiązań itd.);Siatka na zakupy;;;
;zufällig;przypadkowy;;;;
Der;Nagellack;Lakier do paznokci;;;;
Die;Klamotten;ciuchy;klamoty;;;
Der;Koffer(s);Walizka, kufer;;;;
Der;Aufenthalt(e);pobyt;;;;
Der;Regenschirm;parasol;;;;
Der;Sonnenschirm;Parasol od słońca;;;;
Der;Schirm;osłona;;;;
Der;Nagel(Nägel);paznokieć;gwóźdź;;;
;nageln;Przybijać ;;;;
;Nageln jemand;Przelecieć kogoś;;;;
;koitieren;Odbywać stosunek płciowy;;;;
;Lecken (an etwas);Lizać coś;;;;
;Leck mich doch am Arsch;Pocałuj mnie w dupę;;;;
;verbissen;Zacięty, zaciekły;zawzięty;;;
;schauen;spoglądać;;;;
;rein;Czysty;istny;Prawdziwy;wyłączny;
;nochmals;Jeszcze raz;;;;
;verkrampft;Spięty;wymuszony;zesztywniały;;
Das;Gehalt;Pensja, wypłata;;;;
;niedrig;Niewielki, mały;;;;
;zufrieden;Zadowolony;ustatysfakcjonowany;;;
Die;Berufserfahrung;Doświadczenie zawodowe;;;;
;Einverstanden!;Zgoda!;Zrozumiałam!/Zrozumiano!;;;
;tüchtig;solidny;Sumienny;porządny;;
Der;Augenblick;Mgnienie oka;chwila;;;
;sogar;nawet;;;;
;dafür;Na to, po to, a więc, dlatego;;;;
;leer;pusty;opuszczony;;;
;leeren;opróżniać;wynosić;;;
;Einverschtanden sein;Zgadzać się;;;;
;Sogar wenn;Nawet jeśli;;;;
;Sehr sogar;Nawet bardzo;;;;
Die;Jugendherberge;Schronisko młodzieżowe;;;;
Das;Mehrbettzimmer;Poker wieloosobowy;;;;
;Keine Einzelzimmer;Brak pokojów jednoosobowych;;;;
Das;Einzelzimmer;Pokój jednoosobowy;;;;
;Kein Badezimmer im Zimmer;Brak łazienki w pokoju;;;;
;billig;tani;;;;
;preiswert;tani;;;;
;Was noch;Co jeszcze;;;;
Die;Halbpension;Zakwaterowanie ze śniadaniem i obiadokolacją;;;;
Die;Vollpension;Zakwaterowanie z pełnym wyżywieniem;;;;
;Das Formular ausfüllen;Wypełnić formularz;;;;
;aus|füllen;wypełnić;;;;
Der;Ausweis;Dokument (w domyśle dowód osobisty);;;;
Der;Personalausweis;Dowód osobisty;;;;
;ab|geben;oddać;;;;
Die;Übernachtung(en);nocleg;;;;
Der;Punkt;kropka;;;;
;passieren;Wydarzyć się;Zdarzyć się ;Stać się;;
;passen;pasować;;;;
Der;Muskel(n);mięsień;;;;
;bestanden;Zdany (np. Egzamin);;;;
;bestehen;Zdać (egzamin);Przetrwać, wytrzymać;istnieć;;
;schief;Krzywy, pochyły;Fałszywy;dwuznaczny;;
Das;Kapitel;rozdział;;;;
Die;Zusammenfassung(en);Streszczenie;podsumowanie;skupienie;;
;zusammen|fassen;podsumować;streścić;;;
Der;Rutsch(e);Wślizg, wejście, podejście;;;;
;In einem Rutsch;Jednym ciągiem, za jednym podejściem;;;;
;Auf einen Rutsch;Jednym ciągiem, za jednym podejściem;;;;
;Guten Rutsch!;Szczęśliwej drogi!;;;;
;erkennen;Zauważyć;rozróżniać;rozpoznać;wykrywać;
;Jemand zu erkennen geben, dass;Dawać do zrozumienia, że;;;;
;Erkennen lassen, dass;Dawać poznać, że;;;;
;künftig;Przyszły (w przyszłości);;;;
;ab|legen;odłożyć;Zdejmować;Wyzbywać się;;
Das;Bestehen;Zdanie (egzaminu);;;;
Der;Teddybär(en);Pluszowy miś;;;;
;jemanden zu etwas überreden;Namówić kogoś na coś;;;;
;Einander zu|reden;Namówić się wzajemnie;;;;
;beten;Modlić się;;;;
;ab|saugen;odkurzać;Odessać (wodę, tłuszcz);;;
Die;Klarheit;Klarowność, przejrzystość;jasność;;;
;Etwas in aller Klarheit zu verstehen geben;Dawać wyraźnie do zrozumienia;;;;
Die;Weisheit;mądrość;;;;
;demontieren;Demontować, rozbierać (na części pierwsze);likwidować;;;
;steinern;kamienny;;;;
;reinigen;Czyścić, oczyszczać;;;;
;Auf eine Idee kommen;Wpaść na pomysł;;;;
;fließen;Płynąć, ciec;;;;
;nässen;Sączyć się;moczyć;;;
Die;Nässe(-);wilgoć;;;;
;Im Ruhestand;Na emeryturze;;;;
Der;Altersgenosse;rówieśnik;;;;
Der;Gleichaltriger;rówieśnik;;;;
;In meinem Alter;W moim wieku;;;;
;Wir sind gleichaltrig;Jesteśmy rówieśnikami;;;;
Der;Alter(-);Wiek (w moim wieku);;;;
;Im Alter;Na starość, w starszym wieku;;;;
;Alter schützt von Torheit nicht;Wiek nie chroni przed głupotą;;;;
Die;Torheit(en);Głupota, głupstwo;;;;
;Eine Torheit begehen;Popełniać głupstwo;;;;
;begehen;Popełniać, dopuszczać się czegoś;Obchodzić (święto, urodziny);;;
Das;Maskottchen(-);maskotka;;;;
;mit|nehmen;Zabierać ze sobą;;;;
;mit|bringen;Przynosić ze sobą;;;;
;Das geht leider nicht;To niestety niemożliwe;;;;
Das;Unternehmen;przedsiębiorstwo;;;;
;Zerschlagen sein;Być wykończonym;;;;
;Ergänzen (mit);Uzupełniać (czymś);;;;
;baden;kąpać;;;;
;lieb;kochany;;;;
;teilen;Dzielić (między, z);;;;
Der;Mitbewohner(n);współlokator;;;;
;Zu Besuch;W odwiedziny;;;;
;stören;przeszkadzać;;;;
Der;Einzelgänger;odludek;;;;
;Konflikte zwischen;Konflikt pomiędzy;;;;
;Ist immer etwas los;Zawsze coś się dzieje;;;;
;ausziehen;Wyprowadzać się;;;;
;dadurch;Przez to, dzięki temu;;;;
;deswegen;Dlatego, z tego powodu;;;;
;deshalb;Dlatego, z tego powodu;;;;
Die;Einladung(en);zaproszenie;;;;
;Am Strand;Na plaży;;;;
Die;Strand(e);plaża;;;;
;schaffen;tworzyć;;;;
Die;Leere;pustka;;;;
Das;Recht(es);prawo;;;;
;umsonst;Na darmo, na próżno;;;;
;auf|regen;Denerwować kogoś;wzruszać;;;
Der;Spaziergang(e);spacer;;;;
Die;Posteleitzahl;Kod pocztowy;;;;
Das;Geschlecht(e);płeć;;;;
;verheirated;zamężny;;;;
Das;Geburtsdatum(s);Data urodzenia;;;;
Der;Geburtsort(e);Miejsce urodzenia;;;;
;ledig;Stanu wolnego;;;;
;sonstige;Inny, pozostały;;;;
;Ich bin neugierig, ob;Jestem ciekawa, czy;;;;
;Jemand neugierig machen;Zaciekawić kogoś;;;;
;Das kümmert mich nicht;To mnie nie obchodzi;;;;
;Das braucht uns nicht zu kümmern;Nie musimy się tym martwić;;;;
Der;Dom;katedra;;;;
Der;Blick;Spojrzenie;widok;Rzut oka;;
;nach|fragen;Dowiedzieć się;;;;
Die;Stadtrundfahrt;Wycieczka po mieście, zwiedzanie miasta;;;;
;unterschreiben;podpisać;;;;
;An der Kasse bazahlen;Zapłacić w kasie;;;;
;Den Pass zeigen;Pokazać paszport;;;;
;zu|machen;zamykać;zakręcać;zapinać;;
;nach|sehen;sprawdzać;spoglądać;;;
Das;Mistwetter;Parszywa pogoda;;;;
;unter|nehmen;Podejmować, przedsięwziąć;;;;
;aus|machen;Wyłączyć;zgasić;;;
Der;Ratschlag(Ratschläge);rada;;;;
Das;Problem(e);Problem;;;;
;leise;spokojny;;;;
Das;Wörterbuch;słownik;;;;
;berichtigen;Poprawiać (błąd, styl, rozmówcę);;;;
;korrigieren;Poprawiać (błąd, styl, rozmówcę);;;;
;verbessern;Poprawiać (wynik, rekord);;;;
;In Ordnung bringen;Poprawiać (makijaż, krawat);;;;
;prüfen;sprawdzać;;;;
;uber|prüfen;sprawdzać;;;;
;Versprechen (etwas);Obiecywać coś;;;;
;Viel versprechend;Bardzo obiecujący;;;;
;beruhigen;Uspokoić;Uciszyć;uśmierzyć;;
;rückwärtig;tylny;;;;
Die;Rückkehr;powrót;;;;
Das;Vergnügen;przyjemność;;;;
;Mit Vergnügen;Z przyjemnością;;;;
;nüchtern;trzeźwy;;;;
;Auf nüchtern Magen;Na pusty żołądek;;;;
;Nüchtern werden;trzeźwieć;;;;
;Jemandem etwas einpauken;Wbijać coś komuś do głowy;;;;
;ein|pauken;Zakuwać (uczyć się);;;;
;Bestimmt noch einmal;Zdecydowanie jeszcze raz;;;;
Die;Kleinigkeit;Drobnostka, drobiazg;;;;
;sehnen;tęsknić;;;;
;gelangweilt;znudzony;;;;
;beklagen;ubolewać;użalać;;;
;hart;Ciężki (np. Trening);;;;
;benehmen;Zachowywać się;;;;
;lachen;Śmiać (się z czegoś);;;;
Das;Studentenwohnheim(e);akademik;;;;
;Unterhalten sich;Rozerwać się, bawić się;;;;
;Keine Ursache;Nie ma za co;;;;
;Nichts zu danken;nie ma za co;;;;
Die;Ursache;Przyczyna, powód;;;;
;Nichts passiert;Nic się nie stało;;;;
;fleißend;płynnie;;;;
Das;Ausland(e);“Za granica”;;;;
;schick;Elegancki, szykowny;;;;
;wunderschön;Przecudny, przepiękny;;;;
;vorstellen;przedstawić;Przestawić coś do przodu;;;
;zu viel geladen haben;Wypić za dużo;;;;
;geladen;Nabity, najebany;;;;
;geladenen;zaproszony;;;;
;ein|laden;zapraszać;;;;
Der;Familienstand;Stan cywilny;;;;
;Nötigen;zmuszać;;;;
;unglaubliche;niewiarygodne;;;;
;sterben;umierać;;;;
;gestorben;zmarły;;;;
Der;Krebs(es);rak;;;;
;aus|gehen;wychodzić;;;;
;hilfsbereit;Uczynny, pomocny;;;;
;Ich freue mich;Cieszę się;;;;
;erzählen;opowiadać;;;;
;Erzählt tolle Witze;Opowiedział świetny żart;;;;
;Mich bald wieder besucht;Wkrótce znów odwiedzi;;;;
Der;Teil(e);część;;;;
;Am meisten;Najbardziej, najwięcej;;;;
Das;Mäppchen(s);piórnik;Aktówka;teczka;;
;früh;wczesny;;;;
;Weit Weg von etwas;Daleko od czegoś;;;;
;trotzdem;Pomimo to;Jednak;;;
;einige;kilka;;;;
;neugierig;Ciekawy, ciekawski;wścibski;;;
;verliebt;Zakochany;zalotny;;;
Der;Krankenpfleger;pielęgniarz;;;;
Die;Krankenpflege;Opieka nad chorym;;;;
;Kümmern sich;Obchodzić (to mnie nie obchodzi);;;;
;witzig;dowcipny;;;;
Der;Typ;Typ (o człowieku);;;;
;bestimmt;Określony;Zdecydowany, pewny (na pewno);;;
;frustrierend;frustrujący;;;;
Die ;Bewegung(en);Ruch;gest;;;
Die;Richtung(en);kierunek;;;;
;Aus östlicher Richtung;Ze wschodu;;;;
;zusätzlich;dodatkowy;;;;
Der;Zustand(Zustände);Stan (należyty, techniczny, obecny);;;;
;Zustände bringen;Doprowadzać do stanu;;;;
;Zustand Änderung;Zmiana stanu;;;;
Die;Wohngemeinschaft;Mieszkanie we wspólnym mieszkaniu np. studenci;;;;
;Am haufigsten;najczęściej;;;;
;häufig;często;;;;
;oft;często;;;;
;üblich;Standardowy, utarty;zwykły;;;
;gewohnlich;Zwykły, normalny, zwyczajny;;;;
;normal;Normalny, standardowy;;;;
;gemeinsam;wspólny;;;;
;Wie üblich;Jak zwykle;;;;
;zerfallen;Zawalić się;Rozpadać się;;;
Die;Beute(-);Trofeum;Zdobycz, łup;;;
Die;Nische(n);Nisza (w ścianie, rynkowa, środowiskowa);wnęka;;;
Der;Vorhang(Vorhänge);zasłona;;;;
Die ;Jalousie(n);żaluzja;;;;
;verzichten;rezygnować;;;;
;vermögen;Móc, być w stanie;;;;
;Weichsel;Wisła;;;;
;gemauert;murowany;;;;
Der ;Topf(Töpfe);Garnek;Doniczka;;;
;Jeder Topf findet seinen Decke;“Każda potwora znajdzie amatora”;;;;
;hin|sehen;Przyglądać się ;spoglądać;Spojrzeć;;
Der;Spion(e);szpieg;;;;
Das;Handgepäck;Bagaż podręczny;;;;
;halten;Trzymać (w każdym możliwym znaczeniu);;;;
;Etwas hat mir nicht geklappt;Coś mi nie pasowało;;;;
;Von Zeit zu Zeit;Od czasu do czasu;;;;
;getrennt;Rozdzielony;oddzielny;Osobny;rozdzielny;
Das;Erdgeschoss(e);parter;;;;
;überzeugt;zagorzały;oddany;przekonany;;
Die;Klinge(n);ostrze;;;;
;auf|klappen;otwierać;rozkładać;;;
;gelöst;Swobodny, odprężony;;;;
;einsam;Samotny;Odosobniony;samotniczy;opustoszały;
;streiten;Kłócić się;sprzeczać;Spierać się;Rozprawiać o czymś;
;entsprechend;Odpowiedni, stosowny;;;;
;entstehen;Powstawać, rozwijać się;;;;
Der;Stock (Stöcke);Kijek,kij;Laska (kij do podpierania);piętro;;
Der;Stockwerk;piętro;;;;
;arbeitsfähig;Zdolny do pracy;;;;
Die ;Nervosität(en);nerwowość;;;;
Die;Böse(-);Zło, diabeł;;;;
Der ;Tat(en) ;czyn;;;;
Die;Erleichterung(en);ulga;;;;
;Zu meiner großen Erleichterung;Ku mojej wielkiej uldze;;;;
;erleichtern;Ułatwić, ulżyć;;;;
Die;Mülltonne(n);Pojemnik na śmieci;;;;
Der;Mülleimer(-);Wiadro na śmieci;;;;
;werfen(wirft);Rzucać, rzucić;;;;
;ein|richten;Urządzać, dekorować;Meblować;wyposażać;;
Der;Hof(Höfe);Podwórze, dziedziniec;;;;
;klebrig;klejący;;;;
;kleben;kleić;;;;
;Wenn es um die Ordnung;Kiedy chodzi o porządek;;;;
Der;Boden(Böden);Grunt (pod nogami);podłoga;;;
Der;Fußboden;podłoga;;;;
;heftig;Silny, gwałtowny, ostry, tęgi, burzliwy;;;;
;vergießen;Rozlewać, rozlać (sok, wodę);;;;
Das;Vergehen(-);wykroczenie;;;;
;vergehen;Upływać, przemijać, odchodzić, przechodzić;;;;
Der;Lappen(-);Ścierka, szmatka;;;;
;fehlen;brakować;;;;
;Es fehlte nicht viel;Mało brakowało;;;;
;Mir fehlen hundert Euro;Brakuje mi 100 euro;;;;
;Wie gefehlt!;Mocno chybione;;;;
;Was fehlt Ihnen?;Co panu dolega?;;;;
;Auf dem Boden;Na podłodze;;;;
;stehen;stać;;;;
;hängen;wisieć;;;;
;stecken;tkwić;;;;
;eintreten;wchodzić;;;;
;liegen;leżeć;;;;
Der;Flur;korytarz;;;;
;raus;Na zewnątrz;;;;
;rein;Do środka;;;;
;rauf;Na górę;;;;
;runter;W dół;;;;
;rüber;Na tę stronę, do mnie;;;;
;erledigen;Załatwiać;wykonać;;;
;verschieben;Odłożyć (egzamin, decyzję);;;;
;ablegen;odłożyć (książkę, długopis);;;;
;wechseln;Przełączyć, zmienić;;;;
;bemerken;Zauważyć, dostrzec;;;;
;schuldig;Winny;dłóżny;;;
;an|schuldigen;Oskarżać (kogoś o coś);;;;
;vergrößern;powiększać;;;;
;flirten;flirtować;;;;
;Sätze wechseln;Wymienić zdania;;;;
;wahr|nehmen;Postrzegać;Wyczuwać;Dostrzegać;doznawać;
Der;Abstand(Abstände);Odstęp, odległość;;;;
;Abstand halten;Trzymać/zachowywać odstęp;;;;
Das;Zuhause(-);Dom jako ognisko domowe;;;;
Der;Empfang(-);Przyjęcie, odbiór;Zasięg (telekom);;;
;empfangen;Otrzymać (pocztę);witać;Odbierać (sygnał);;
;an|fangen;Zaczynać, rozpoczynać coś;Podchodzić (do sprawy);;;
;beginnen;zaczynać;;;;
;auf|hören;Skończyć, przestać;;;;
;mitten;pośrodku;;;;
;Mitten in der Stadt;Pośrodku miasta;;;;
;Mitten aus;Ze środka;;;;
;Mitten durch;Przez środek;;;;
Das;Münster(-);katedra;;;;
;In der Mitte;Na środku;;;;
Die;Mitte(n);środek;;;;
;Ich werde das machen;Będę to robić, zrobię to;;;;
;Für immer;Na zawsze;;;;
;beunruhigend;niepokojący;;;;
;alermierend;alarmujący;;;;
Die;Unruhe(-);Niepokój ;Nieustanny ruch;;;
;Unruhe stiften;Siać niepokój;;;;
;anonym;anonimowy;;;;
Der;Ärger(-);Złość, gniew;;;;
;ärgern;Irytować, złościć;;;;
;Über jemand oder etwas sich ärgern;Złościć się na kogoś lub na coś;;;;
;raschelnd;szeleszczący;;;;
;hart;twardy;;;;
Die;Metropole;metropolia;;;;
;Woanders ist es immer schöner;Wszędzie dobrze gdzie nas nie ma;;;;
;Hier ist der Empfang nicht gut;Tu jest zły zasięg;;;;
;aus|drucken;drukować;Artykułować ;wyrażać;;
;weinen;płakać;;;;
;kriegen;Dostawać (coś do jedzenia, mandat);Dostawać (na rękę, zarabiać);Łapać (np. Autobus);;
;voll;Pełny;zdrowy;cały;;
Die;Regel(n);Reguła, zasada;Okres, miesiączka;;;
;In der Regel;Z reguły;;;;
Die;Periode(n);Okres, miesiączka;;;;
;verabreden;uzgadniać;umówić;;;
;Verabreden sich;umówić się;;;;
;weiterhin;Nadal ;Na przyszłość;ponadto;;
;geschickt;zręczny;;;;
Die;Miete(n);Czynsz (za mieszkanie);Najem, wynajmem (mieszkania);;;
;geheiligt;święty;;;;
;heiligen;świętować;święcić;uświęcać;;
Die;Chance(n);Szansa, okazja, “widok”;;;;
Der;Schwindel(-);oszustwo;Zawrót głowy;;;
;schwindeln;Kantować, oszukiwać;Kręcić się w głowie;;;
;Mir schwindelt;Kręci mi się w głowie;;;;
;Das ist alles geschwindelt;To wszystko bujda;;;;
Das;Übel(-);Zło, nieszczęście;;;;
;übel;Nieprzyjemny, niedobry, zły;Przykry;podły;;
;Mir ist übel;Niedobrze mi;;;;
;Nicht übel;nieźle;;;;
;Zu allem Übel;Na domiar złego;;;;
;Ein notwendiges Übel;Zło konieczne;;;;
;notwendig;Potrzebny;niezbędny;konieczny;;
Der;Vorgesetzte(r);przełożony(a);;;;
;reduzieren;redukować;;;;
;riskant;ryzykowny;;;;
;risikoreich;ryzykowny;;;;
;gewagt;śmiały;;;;
;wagen;Ryzykować, odważyć się, ważyć się;Odważyć się, podjąć próbę;;;
;entgegen;Odpowiadać, odrzec;;;;
Das;Übergewicht(-);nadwaga;;;;
;kämpfen (gegen/für);Walczyć (przeciw czemuś / za coś);;;;
;Ihr seht müde aus;Wyglądacie na zmęczonych;;;;
;Hinein;Tutaj, do środka;W środku;;;
Der;Plan(Pläne);Plan;;;;
Das;Gesicht(er);Twarz;;;;
;gegrüßen;pozdrowiony;;;;
;grüßen;pozdrawiać;;;;
;spülen;Zmywać, spłukiwać;;;;
;geschnitten;przekrojony;;;;
Der;Müll(-);Śmieci, odpady;;;;
Das;Blei(e);Ołów;;;;
Der;Stift(e);Pisak;;;;
Der;Eimer(-);wiadro;;;;
;In Eimer sein;być do niczego;Diabli wzięli;;;
;bestellen;Zamawiać;;;;
;reserviren;rezerwować;;;;
;eimerweise;Pełnymi wiadrami;;;;
;Wir haben eimerweise Erdbeeren gepflückt;Nazbieraliśmy pełne wiadra truskawek;;;;
;pflücken;Zbierać, zrywać;;;;
Die;Sache(n);Rzecz;Sprawa, kwestia;;;
;mehr;więcej;;;;
;Viel mehr;Dużo więcej;;;;
;Mehr als genug ;Więcej niż nadto;;;;
;Mehr als nötig;Więcej niż konieczne;;;;
;nötig;konieczne;;;;
;Wir haben nicht mehr Essen;Nie mamy już więcej jedzenia;;;;
;Pünktlich;punktualnie;;;;
;bleiben;zostać, pozostać;;;;
;Bleib zuhause;Zostać w domu;;;;
;Nimm deine Sachen won Tisch weg;Zabierz swoje rzeczy ze stołu;;;;
;weg|nehmen;zabierać;;;;
;An|geben;podawać;nadawać;;;
;an|rufen;zadzwonić;;;;
;Macht das Fenster auf;Otwórz okno;;;;
Der;Mut(e);odwaga;;;;
;gestresst;zestresowany;;;;
Die;Wahrheit(en);prawda;;;;
Die;Tasse(n);filiżanka;;;;
;entschuldigen;wybaczyć;;;;
;lassen;pozwolić;zostawiać;kazać;;
;ab|schreiben;odpisywać;;;;
;be|schreiben;opisywać;;;;
Der;Einbrecher;włamywacz;;;;
;deutlich;wyraźnie;;;;
;sofort;natychmiast;;;;
Das;Gepäck(e);bagaż;;;;
;vergessen;zapomnieć;;;;
;Beeilen sich;Pospieszyć się;;;;
;hungrig;głodny;;;;
;Kommt etwas früher;Przyjdźcie trochę wcześniej;;;;
;erledigten;Załatwiać, załatwić;;;;
;mit|bringen;Przynosić (ze sobą);;;;
;entwickeln;Wynaleźć;Opracować ;zaprojektować;;
;entwerfen;projektować;;;;
Das;Gemecker(-);zrzędzenie;;;;
;unzufrieden;niezadowolony;;;;
;Auf sein CV geantwortet;Odpowiedzieli na jego cv;;;;
;schätzen (zu wissen);Docenić, doceniać;;;;
;brav;grzeczny;;;;
;total;Całkowity, zupełny, kompletny, totalny;;;;
;gelegen;Dogodny, “na rękę”;;;;
;an|sagen;zapowiadać;;;;
;ernst;Poważny;Groźny, krytyczny;serio;;
;Direkt zur Sache kommen;Przechodzić bezpośrednio do rzeczy;;;;
;unterbrechen;Przerywać,  przerwać;;;;
;Entschuldigen Sie, wenn ich Sie unterbreche;Przepraszam, że przerywam;;;;
;konkret;Konkretny, realny;;;;
;Konzentrieren (sich auf etwas AKKUSATIV);Koncentrować się na czymś;;;;
;beherrschen;Opanować (materiał, sytuację, umiejętność);Panować nad sobą, dominować;;;
;Gut/schlecht erzogen;Dobrze/źle wychowany;;;;
;Ganz brav sein;Dobrze wychowany;;;;
;erstaunt;Zdziwiony, ze zdziwieniem;;;;
;erstaunen;Dziwić, zdziwić;;;;
;Dieses Angebot erstaunt mich;Ta oferta mnie dziwi/zadziwia;;;;
Das;Erstaunen(-);zdziwienie;;;;
;Ich bin bass erstaunt;Jestem nieźle zdziwiony;;;;
Das;Fachwort(wörter);Fachowe, specjalistyczne słownictwo;;;;
;stufen;Stopniować, szeregować;;;;
;übrig;pozostały;;;;
;Alles Übrige;Cała reszta;;;;
;Im Übrigen;Poza tym;;;;
;Übrig sein/bleiben;Zostać/zostawać (coś jeszcze zostało);;;;
;übrigens;Poza tym, z resztą, a w ogóle to;;;;
Die;Spur(en);Ślad, koleina, trop;ścieżka;;;
;spüren;Wyczuwać;Odczuwać (na własnej skórze);;;
;übertreiben;Przesadzać (np. Z czystością);;;;
;Das ist stark übertreiben;To duża przesada;;;;
Die;Tendenz(en);tendencja, skłonność;;;;
;Ohne zu übertreiben;Bez przesady;;;;
Die;Sucht(Süchte);nałóg;;;;
;Die Sucht nach etwas;Żądza czegoś;;;;
Der;Grund(-);Ziemia, grunt;Dno;podstawa;;
Das;Subjekt(e);Osobnik, indywiduum;;;;
;flexibel;Elastyczny;Zdolny do przystosowania się;giętki;;
Der;Komfort(-);Komfort, wygoda;;;;
;bewirken;powodować;;;;
Die;Anpassung(en);Dostosowanie, dopasowanie;;;;
Die;Generalisierung;generalizacja;;;;
;mehrmals;Wielokrotnie, nieraz;;;;
;züruck|behalten;Zatrzymać, nie oddać (np. Coś ci zostało np. Blizna);;;;
;ängstlich;Bojaźliwy, lękliwy;Pilnie, skrupulatnie;;;
;beherrscht;powściągliwy(zachowanie);;;;
;dezent;Delikatny, subtelny, dyskretny;stosowny;;;
;drastisch;drastyczny;Dosadny;dobitny;;
;elastisch;elastyczny;;;;
;legendär;legendarny;;;;
Das;Misstrauen(-);nieufność;;;;
;misstrauen;nie dowierzać;;;;
;vertrauen;Ufać komuś/czemuś;;;;
Das;Vertrauen(-);Zaufanie;;;;
;Zu jdm Vertrauen haben;Mieć do kogoś zaufanie;;;;
;trauen;Ufać, mieć zaufanie;;;;
;umgehen;Omijać (przeszkodę, przepisy);Obchodzić (przepisy, przeszkodę);naruszać;;
;arbeitsam;pracowity;;;;
Die;Mehrheit(en);większość;;;;
;In der Mehrheit sein;Być/stanowić większość;;;;
;Die schweigende Mehrheit;Milcząca większość;;;;
Die;Minderheit(en);mniejszość;;;;
;national;narodowy;;;;
;außer;Poza, oprócz;;;;
;Aufgrund von etwas leiden;Ucierpieć z powodu, na skutek czegoś;;;;
;leiden;cierpieć;;;;
;An etwas (AKK) leiden;Chorować/cierpieć na coś;;;;
Die;Schlafloskeit(-);bezsenność;;;;
;präzise;precyzyjny;;;;
;Machen etwas sehr genau;Robić coś bardzo dokładnie;;;;
;gerade;Właśnie (dlatego), właśnie (teraz), dopiero co;Prosty/ prosto;prostolinijny;parzysty;
;Er ist nicht gerade ein Schönheit;Za piękny to on nie jest;;;;
Die;Gerade(n);Prosta (linia);Prosty (jak lewy, prawy, sierpowy);;;
;Gerade ernst;Dopiero co;;;;
;Gerade, als  …;Akurat wtedy, gdy;;;;
;biegen;Wyginać, zginać, naginać (też prawo);skręcać;;;
;Gerade biegen;wyprostować;;;;
;rundherum;dookoła;wokół;;;
Das;Grass(-);trawa;;;;
Das;Fußbodenpaneel(e);Panel podłogowy;;;;
Das;Dilemma(s);dylemat;;;;
Die;Dreidimenstionale Vorstellungskraft(-);Wyobraźnia przestrzenna;;;;
;wem;komu;;;;
;wer;kto;;;;
;wen;kogo;;;;
Die;Droge(n);narkotyk;;;;
Der;Obdachlose(n);Bezdomny (jako osoba);;;;
;obdachlos;Bezdomny (przymiotnik);;;;
;Ich will gar nicht;Wcale nie chcę;;;;
;Du kannst kommen, da bin ich sicher, aber du willst nicht kommen;Możesz przyjść, tego jestem pewien, ale nie chcesz;;;;
;sicher;Pewny;bezpieczny;sprawdzony;;
;Sicher Fahrer;Pewny kierowca;;;;
;Sicherer Metode;Sprawdzona metoda;;;;
;Von jemand/etwas sicher sein;Być bezpiecznym od czegoś / kogoś;;;;
;günstig;Korzystny;;;;
;angezogen;Ubrany;;;;
Die;Einkaufstüte;reklamówka;;;;
Das;Mehl;mąka;;;;
Die;Dose;puszka;;;;
Die;Flasche;butelka;;;;
;Denk darüber nach;Pomyśl o tym;;;;
;starten;startować;;;;
;bilden;budować;tworzyć;;;
;besichtigen;zwiedzać;;;;
;rechnen;liczyć;;;;
;herrlich;wspaniały;;;;
;lächeln;Uśmiechać się;;;;
;meckern;narzekać;;;;
;Glaub ihm kein Wort;Nie wierzcie w żadne jego słowo;;;;
;Findet die beste Lösung;Znajdźcie najlepsze rozwiązanie;;;;
;atmen;oddychać;;;;
;gemütlich;przytulny;;;;
Die;Gemütlichkeit;przytulność;;;;
;einmal;raz;;;;
;dort;tam;;;;
;bedeuten;oznaczać;;;;
;Was bedeutet dieses Wort;Co oznacza to słowo?;;;;
;eben;Równo (po równo);akurat (wlałeś akurat soku do szklanki);;;
;stimmt’s;Prawda? Zgadza się?;;;;
;wiederholen;powtarzać;;;;
;echt;Prawdziwy, autentyczny;Prawdziwy, naturalny;;;
;unbedinkt;Koniecznie, bezwzględnie;;;;
;hin|sehen;Przyglądać się ;;;;
;Ich  möchte für heute Abend etwas kaufen;Chciałbym coś kupić na dzisiejszy wieczór;;;;
;direkt;Bezpośredni, prosty;;;;
;Direkt nach Hause gehen;Iść prosto do domu;;;;
;aus|wählen;wybierać;;;;
;wählen;wybierać;;;;
Das;Ziel;cel;;;;
Das;Wechselgeld;Reszta, drobne;;;;
;stempeln;Podbić, skasować (np. Bilet, legitymację);;;;
;zuerst;najpierw;;;;
;Dann, danach;Potem, następnie;;;;
;Zum Schluss;Na koniec;;;;
Der;Haushalt;Gospodarstwo domowe;;;;
;kennen;znać;;;;
;anrufen;Dzwonić;wołać;;;
Der;Führerschein(e);Prawo jazdy;;;;
;endlich;Wreszcie, w końcu;;;;
Die;Pause;przerwa;;;;
;Gut stehen;Być do twarzy;;;;
;faul;leniwy;zepsuty;;;
;Der Pullover steht dir aber gut;Bardzo ci do twarzy w tym swetrze;;;;
;gekleidet;ubrany;;;;
;denn;Właściwie (emocjonalne - gdzie właściwie byłeś?);;;;
;Jens kauft selten neue Kleidung denn er geht nicht gern einkaufen;Jens rzadko kupuje nowe ubrania ponieważ nie lubi chodzić na zakupy;;;;
Der;Regenmantel;Płaszcz przeciwdeszczowy;;;;
Der;Gummistiefel;Gumiak, kalosz;;;;
;Am Strand;Na plaży;;;;
;Macht dir das keinen Spaß;Nie sprawia ci to przyjemności?;;;;
;Ich suche was zum Grillen;Szukam czegoś na grilla;;;;
;sonst;;;;;
;Am besten;najlepiej;;;;
;Im Geschäft;W sklepie;;;;
;Schlange stehen;Stać w kolejce;;;;
Der;Albtraum;koszmar;;;;
;bequem;wygodny;;;;
;dazu;Do tego / na to;;;;
;dadurch;Dzięki temu;;;;
;vergeuden;marnować;;;;
;sparen;oszczędzać;;;;
Die;Szene(n);scena;;;;
;nordeutsche;Północnoniemiecki;;;;
;Nicht weit davon;Niedaleko stąd;;;;
;Die Hälfte davon;Połowa z tego;;;;
;Stimmen zu;Zgadzać się;;;;
;suchen;szukać;;;;
Die;Große;Rozmiar, wielkość;;;;
;sportlich;sportowy;;;;
Das;Bewerbungsgespräch(e);Rozmowa o pracę;;;;
;an|probieren;przymierzać;;;;
Die;Anprobe;przymierzalnia;;;;
;gemeinsam;Razem, wspólnie;;;;
;Das macht ihnen viel Spaß;To sprawia im przyjemność;;;;
;meistens;zazwyczaj;;;;
Die;Farbe;kolor;;;;
Der;Schlussverkauf(e);wyprzedaż;;;;
;antworten;odpowiadać;;;;
;geben;dawać;;;;
;gefallen;Podobać (się);;;;
;helfen;pomagać;;;;
;schenken;podarować;;;;
;wünschen;życzyć;;;;
;gar;Całkowicie, zupełnie, też wcale;;;;
;Das gefällt mir gar nicht;To mi się zupełnie / wcale nie podoba;;;;
;an|haben;Mieć na sobie;;;;
;tragen;Nosić (ubranie);;;;
;warten;Czekać;;;;
Die;Fabrik;fabryka;;;;
Der;Maurer;murarz;;;;
Der;Bauarbeiter;Pracownik budowy/budowlany;;;;
;Zum Beispiel;Na przykład;;;;
Der;Hausbau;Budowa domu;;;;
Der;Schmied;kowal;;;;
;Viel zu tun;Dużo do roboty;;;;
Die;Eisenindustrie;Przemysł żelazny;;;;
Die;Stahlindustire;Przemysł stalowy;;;;
;Etwas reparieren lassen;Oddać coś do naprawy;;;;
;Ich habe viel zu tun;Mam dużo do zrobienia;;;;
;Beabsichtigen etwas zu tun;zamierzać coś zrobić;;;;
;Deshalb ist das nicht möglich;Dlatego jest to niemożliwe;;;;
;Deshalb frage ich ja;Dlatego pytam;;;;
;Gerade deshalb;Właśnie dlatego;;;;
;Ich habe das deshalb getan, weil;Zrobiłem to dlatego, że;;;;
;Wir fangen ein Gespräch mit ir an;Rozpoczynamy rozmowę z nią;;;;
;Im Einzelnen;szczegółowy;;;;
;einigen;Zjednoczyć, porozumieć;;;;
;davon;Stąd, z tego, tam;;;;
Die;Sammlung;Kolekcja, zbiór;;;;
;größte;największe;;;;
Das;Thema;temat;;;;
;westlich;zachodni;;;;
Das;Zinn;cyna;;;;
;hell;jasny, widny;;;;
;weich;miękki;;;;
Das;Metall(e);metal;;;;
;Es wird hell;Robi się jasno;;;;
Der;Becher;kubek;;;;
Der;Teller;talerz;;;;
;Den Teller leer essen;Zjeść talerz “do czysta”;;;;
;leer;pusty;;;;
;Flacher / tiefer Teller;Płaski / głęboki talerz;;;;
;Etwa 200 Jahren;Około 200 lat;;;;
;verschieden;Różne, różnorodne, rozmaite;;;;
;Das ist verschieden;Różnie to bywa;;;;
;Auf verschiedene Weise;W różny sposób;;;;
Der;Fleischer;rzeźnik;;;;
Der;Metzger, Fleischhauer;rzeźnik;;;;
Der;Bäcker;piekarz;;;;
Die;Frühstückbrötchen;bułki;;;;
;deshalb;Dlatego, z tego powodu;;;;
;an|fangen;Zacząć, rozpocząć;;;;
Der;Elektriker;elektryk;;;;
Der;Strom(Ströme);prąd;;;;
;einzeln;Osobny, indywidualny, pojedynczy;;;;
Die;Friseur;fryzjer;;;;
Der;Automechaniker;Mechanik samochodowy;;;;
Der;Schuhmacher;szewc;;;;
;Reparieren (etwas);naprawić;;;;
;würfeln;Pokroić w kostkę ;;;;
Die;Essiggurke;korniszony;;;;
;Über Nacht;Przez noc;;;;
;lassen;Pozostawić;pozwolić;;;
Die;Majonäse;majonez;;;;
;mischen;mieszać;;;;
;zu;do;;;;
;empfehlen;polecać;;;;
;prima;wspaniale;;;;
Die;Ruhe;spokój;;;;
;ruhig;spokojny;;;;
;Nicht zu teuer;Nie za drogo;;;;
;Von Ort zu Ort;Z miejsca na miejsce;;;;
;selbst;;;;;
;Mit etwas diesen Traum zum Beruf machen;Z czymś to marzenie w zawód zmienić;;;;
;Vieles ist noch genau wie früher;Wiele jest dokładnie tak samo jak wcześniej;;;;
;Die Ausbildung dauert vier Jahre;Wykształcenie trwa cztery lata;;;;
;dauern;trwać;;;;
;verbinden;połączyć;;;;
;verbunden;połączony;;;;
Der;Hutmacher;Modysta (zawód);;;;
Der;Künstler;artysta;;;;
Der;Künstmaler;Artysta malarz;;;;
;Einfache Form;Prosta forma;;;;
;nehmen;Wziąć, brać;;;;
;dazu;Do tego;;;;
;gepressten;Wyciśnięty (np. Sok);;;;
Die;Schlagsahne;Bita śmietana;;;;
Die;Früchten;owoce;;;;
;Das macht 16 Euro zussamen;Razem będzie 16 euro;;;;
Das;Nudelgericht(e);Dania z makaronem;;;;
;besonderes;szczególnie;;;;
;Besonderes gern;Szczególnie chętnie;;;;
Die;Ernährung;odżywianie;;;;
Die;Süßigkeit(en);słodycz (w znaczeniu słodycze - baton, czekolada);;;;
;außer;poza;;;;
;Außer Tomaten;Poza pomidorami;;;;
Das;Getränk(e);napój;;;;
Das;Rindfleich(e);wołowina;;;;
Das;Geflügel;Drób;;;;
;Aller Art;Każdego rodzaju;;;;
Die;Sahne;śmietana;;;;
;griechische;Grecka (np kuchnia);;;;
;gebraten;pieczony;;;;
;gegrillter;grilowany;;;;
Der;Lachs;łosoś;;;;
;danach;Potem, później;;;;
;dann;Potem, później;;;;
;schneiden;Kroić, pokroić;Ścinać, obcinać;;;
;In kleine Würfel;W małą kostkę;;;;
;Fürchten jdm;Bać się kogoś;;;;
;Fürchten um jdm;Bać się o kogoś;;;;
Der;Kater(-);Kac;kocur;;;
;Einen Kater haben;Mieć kaca;;;;
;betäuben;Znieczulić;uśpić;ogłuszyć;;
Das;Empfinden(-);Odczuwanie, odczucie;;;;
;Für mein Empfinden;W moim odczuciu;;;;
;Meinem Empfinden nach;W moim odczuciu;;;;
;abwechslungsreich;urozmaicony;;;;
;absechslungslos;monotonny;;;;
Die;Abwechslung(en);urozmaicenie;;;;
Die;Vergnügung(en);Zabawa, rozrywka;;;;
;Vergnügen;Bawić, rozerwać się;;;;
;eigentlich;Prawdziwy, właściwy, rzeczywisty;Też. Właściwie (czego ty właściwie chcesz);;;
Die;Einrichtung(en);Umeblowanie, wyposażenie;;;;
;aus|halten;Wytrzymać, znosić, znieść;;;;
;Ich habe schon die Nase voll;Mam tego po dziurki w nosie;;;;
Der;Grund(Gründe);Powód, przyczyna;;;;
;Ohne Grund;Bez powodu;;;;
;hinzu|geben;Dokładać, dodawać (pracy, porcje);;;;
;hin|geben;ofiarować;Poświęcać się;Oddawać się (np. Rozpaczy);;
Der;Rollschuh(e);Rolka (rolki, wrotki);;;;
Der;Untergang(-gänge);Zatonięcie;zachód (słońca);zagłada;;
;zittern;Trząść się, drgać;;;;
Das;Tor(e);Bramka (wejściowa, gol);;;;
;Ein Tor schießen;Strzelić gola;;;;
;bewölkt;Pochmurny, zachmurzony;;;;
;bewusst;Swiadomy, celowy, racjonalny;;;;
;ertragen;Znosić (co los przyniesie, poniżenie);;;;
;besitzen;Posiadać, mieć;;;;
;verloren;Stracony, zagubiony, bezradny, daremny;;;;
;Etwas erlernen;Nauczyć się czegoś;;;;
Das;Hochseil(e);Lina do akrobacji, cyrkowa;;;;
Die;Wendung(en);Zmiana, obrót, zwrot;;;;
Der;Wechsel(-);Zmiana, wymiana;weksel;;;
;wechseln;Zmienić (np. Temat, stronę);;;;
Die;Hausmitteilung(en);notatka;;;;
Die;Folge(n);Skutek, konsekwencja;Odcinek (serialu, podkastu);następstwo;;
;introvertiert;Introwertyczny;;;;
;saufen;Żłopać, chlać, pić łapczywie;;;;
;Einen saufen gehen;Iść się nachlać;;;;
;Saufen wie ein Loch;Chlać jak świnia;;;;
;Sich (AKK) die Hucke voll saufen;Zalać się w trupa;;;;
Das;Gehirn(e);Mózg, umysł;;;;
Die ;Flüssigkeit(en);płyn;;;;
;darin;w tym;;;;
;Sie stimmen darin überein, dass;Zgadzają się w tym (co do tego), że…;;;;
;Darin irrst du dich!;W tym się mylisz;;;;
Die;Anschauung(en);Pogląd, opinia, zdanie, spojrzenie;wyobrażenie;doświadczenie;;
;Nach unserer Anschauung;Naszym zdaniem;;;;
;Aus eigener Anschauung;Z własnego doświadczenia;;;;
;Auf die Nerven gehen;Działać na nerwy;;;;
Die ;Gesselschaft;społeczeństwo;;;;
Die;Sozialkunde;Nauka o społeczeństwie;;;;
Die;Gemeinschaft(en);Społeczność;wspólnota;Wspólność;Związek, konkubinat;
Der;Zwang(Zwänge);przymus;presja;nacisk;;
Der;Druck;Nacisk;presja;;;
;Gesellschaftliche Zwänge;Presja społeczna;;;;
;Zwang auf jemand ausüben;Wywierać nacisk;;;;
;Unter Zwang stehen;Znajdować się pod presją;;;;
;einigen;Zjednoczyć;ujednolicić;;;
;Sich einigen;Zawrzeć porozumienie;Pogodzić się;;;
;auf|fallen;Rzucać się w oczy;Zostać zauważonym;Robić wrażenie (np. Miłego);;
;Jemand anspornen etwas zu tun;Zachęcać kogoś do czegoś;;;;
Der;Ansporn(-);zachęta;;;;
;entschlossen;zdeterminowany;zdecydowany;;;
;Fest entschlossen sein, etwas zu tun;być zdeterminowanym coś zrobić;;;;
Die;Attraktion(en);atrakcja;;;;
Der;Vorstand;zarząd;prezes;;;
Der;Direktor;dyrektor;;;;
Die;Gruppe(n);Grupa;;;;
;überlegen;przeważający;zdecydowanie;;;
;vorhersagen;prognozować;przewidywać;Przepowiadać;;
Die;Vorhersage(n);Prognoza (np. Pogody);przepowiednia;;;
;vor|stellen;Stawiać coś przed czymś;Przedstawić komuś kogoś;Przedstawić komuś coś (temat);;
;nass;mokry;;;;
;Wurde er nicht ernst wahrgenomen;Nie zostałby wzięty na poważnie;;;;
;Erster Eindruck;Pierwsze wrażenie;;;;
Der;Eindruck(Eindrücke);wrażenie;;;;
;Den Eindruck erwecken;Sprawiać wrażenie;;;;
;Unter dem Endruck von etwas stehen;Być pod wrażeniem czegoś;;;;
;An etwas (AKK) zweifeln;Wątpić w coś;;;;
Der;Zweifel(-);wątpliwość;;;;
;Zweifel an etwas haben;Mieć wątpliwości co do czegoś;;;;
;Ohne Zweifel;Bez wątpienia;;;;
;Auf jemand/etwas reagiren;Reagować na coś / kogoś;;;;
Der;Duft(Düfte);Zapach;aromat;woń;;
;duften;pachnieć;;;;
;umgekehrt;odwrócony;odwrotny;;;
;scheitern;Przegrać;Ponieść porażkę;Nie powieść się;To fail;
;An jemandem/etwas scheitern;To fail because of sth;ponieść porażkę z powodu czegoś;;;
Das;Scheitern(-);porażka;;;;
;Sich (für jemand / etwas) schämen;być zawstydzonym z powodu czegoś;Wstydzić się za coś/ z powodu czegoś;To be ashamed of sth;;
;Beschämt;Zawstydzony;ashamed;;;
;Über etw beschämt sein;Wstydzić się czegoś;;;;
;Schäm dich!;Wstydź się!;;;;
;Du solltest dich schämen;Powinieneś się wstydzić;;;;
;gebühren;Należeć;Należeć się;Przysługiwać (mi przysługuje zniżka);;
Die;Ermäßigung;zniżka;obniżenie;;;
;besichtigen;zwiedzać;;;;
Der;Gottesdienst;Msza, nabożeństwo;;;;
Der;Konzertbeginn;Początek koncertu;;;;
;innerhalb;W / wewnątrz;;;;
Der;Sitzplatzwahl;Miejsce siedzące;;;;
;Mit Sicht;Z widokiem;;;;
;Ohne Sicht;Bez widoku (na coś);;;;
;ermäßigen;Obniżać;zmniejszać;;;
;steigen;Wchodzić (na, do);Wspinać się;;;
Die ;Eintrittskarte;wejściówka;Bilet wstępu;;;
Die;Fernsehturm;Wieża telewizyjna;;;;
;fremd;obcy;;;;
;an|sehen;spoglądać;;;;
;wütend;wściekły;;;;
;preiswert;Niedrogi;okazyjny;;;
;wenig;Mało;niewiele;;;
Die;Unterschrift;podpis;;;;
;Fabelhafte Städte;Bajeczne / bajkowe miasteczka;;;;
Die;Gesselschaft;towarzystwo;;;;
Die;Begleitung;towarzystwo;;;;
;erinnern;Przypominać sobie;pamiętać;;;
;Daran erinnern;Przypominać sobie o;;;;
Die;Erinnerung;Wspomnienie;pamięć;;;
;eintliche;kilka;;;;
;fliehen;uciekać;;;;
Die;Sicht;widok;;;;
;Ihr gebührt Respekt;Należy się jej szacunek;;;;
;husten;kaszleć;;;;
Der;Husten;kaszel;;;;
Das;Fiber;gorączka;;;;
Der;Geschmackssinn;smak;;;;
Der;Geruchssinn;węch;;;;
Die;Sehkraft;wzrok;;;;
Der;Gehörsinn;słuch;;;;
Die;Berührung;dotyk;;;;
;langsamer;Wolniej;;;;
;warten;Czekać;;;;
;mit|fahren;Jechać razem;Jechać z ;;;
Die;Sehenswürdigkeit;zabytek;;;;
;Circa (c.a);około;;;;
Die;Höhe;wysokość;;;;
Die;Kirche(n);kościół;;;;
;unterwegs;Po drodze;W drodze;;;
;kucken;Gapić się;patrzeć;spojrzeć;;
;kuck mal!;Spójrz!;;;;
Die;Öffnungszeit(en);Godziny otwarcia;;;;
Die;Anreise;Podróż;przyjazd;;;
Der;Eintritt;wejście;wstęp;;;
Die;Turmbesteigung(en);Wejście na wieżę;;;;
;berühmt;Słynny, sławny;;;;
Die;Turm;wieża;;;;
;nennen;Nazwać;;;;
;rund;okrągły;;;;
;phantastischen;fantastyczny;;;;
;Ganzjähirg;Całoroczny;;;;
;Trüb;Mętny, zamazany;Przytłumiony, przyćmiony;;;
;anstrengend;męczący;;;;
;Jemandem ist schwindlig;Komuś kręci się w głowie;;;;
Das;Fahrgestell(e);podwozie;;;;
;scheiden;Rozwodzić się (zakończyć małżeństwo);;;;
;verstopfen;Zatykać (np. Odpływ, rurę, uszy);;;;
Das;Ereignis(se);Wydarzenie, zdarzenie;;;;
Die;Blamage(n);blamaż;;;;
Das;Vorbild(er);Wzór (do naśladowania);Przykład, autorytet;;;
Das;Muster(-);Wzór, motyw;;;;
Der;Pater(-);Ojciec chrzestny;;;;
;abwesend;nieobecny;;;;
Die;Wendung(en);Zwrot, zmiana kierunku;zmiana;;;
Der;Teufelskreis(e);Błędne koło;;;;
Der;Sklave(Sklavin);niewolnik;;;;
;wenden;Nawracać, zawracać, odwracać, obracać;zmieniać;;;
;außerdem;Na dodatek, w dodatku;;;;
;schießen;strzelać;;;;
Die;Tatsache(n);fakt;;;;
;schaffen;Stworzyć, tworzyć;Ustanawiać, wprowadzać;Wytwarzać, opracowywać;;
Die;Zuflucht(en);Schronienie;;;;
Die;Rettung(en);Ratunek, ocalenie;;;;
;flüchten;Uciekać;zbiec;;;
;Vor jemandem flüchten;Uciekać przed kimś;;;;
;fliehen;uciekać;;;;
;Zu jemandem fliehen;Schronić się u kogoś;;;;
Die;Kreativität;kreatywnośc;;;;
;überhaupt;W ogóle;;;;
;draußen;Na zewnątrz;;;;
;füttern;karmić;;;;
;pflegen;Opiekować się, pielęgnować;;;;
;Kaufmännische kentnisse;Umiejętności sprzedażowe;;;;
Die;Freude;Radość;;;;
;führen;Prowadzić, przeprowadzać (warsztaty, rozmowę);;;;
;Sprechen für jemend;Mówić za kogoś;;;;
Die;Kunde(n);klient;;;;
Der;Sportkommentator;Komentator sportowy;;;;
;Was ist los;Co się dzieje;;;;
Der;Sportler;sportowiec;;;;
Der ;Fahrkartekontroller;kanar;;;;
Der;Traum;Sen, marzenie;;;;
;Ein Traum Beruf;Wymarzony zawód;;;;
;empfindlich;wrażliwy;;;;
;nämlich;mianowicie;;;;
;Während (DATIV);podczas;;;;
;Während der Arbeit;Podczas pracy;;;;
Die;Sicherheit;Pewność, bezpieczeństwo;;;;
Die;Ortskentniss(e);Znajomość okolicy;;;;
Die;Schnelligkeit;Szybkość, prędkość;;;;
Die;Straßenverkehr;Ruch drogowy;;;;
;unabhängig;Niezależny (od kogoś / czegoś);niepodległy;suwerenny;;
;selbstandig;Niezależny (samowystarczalny);;;;
;Wichtig ist Freude am Radfahren;Ważna jest radość z jazdy na rowerze;;;;
;obere;górny;;;;
;untere;dolny;;;;
;geteilet;podzielony;;;;
;teilen;dzielić;;;;
;zweigeteilet;Podzielony na 2;;;;
;benutzen;Używać, posługiwać się;;;;
;Wie bitte?;Słucham?;;;;
Das;Schild;Szyld, znak;;;;
;nur;tylko;;;;
;verlassen;Zostawić, porzucić;;;;
;verlassen;Opuszczony, opustoszały;;;;
;verbieten;zabraniać;;;;
;dagegen;Przeciwko temu;;;;
Die;Sorge;Zmartwienie, troska;;;;
;Jemand mache keine Sorge;“Nie robić komuś zmartwień”;;;;
;eifersüchtig;zazdrosny;;;;
;Auf jemand eifersüchtig sein;Być o kogoś zazdrosnym;;;;
;jemand eifersüchtig machen;Budzić w kimś zazdrość;;;;
;krankhaft;chorobliwie;;;;
;Mit|kommen;Towarzyszyć, iść z;Nadążyć (idąc z kimś);;;
;Hunde mit|nehmen;wyprowadzać psa;;;;
;Definitiv;definitywnie;;;;
;Jemand hat definitiv “nein” gesagt;Ktoś powiedział definitywne nie;;;;
Der;Schäfer;owczarz;;;;
;Ein bisschen;troszkę;;;;
Die;Werkbank(bänke);Stół warsztatowy;;;;
;jederzehnte;Co 10, jeden na 10;;;;
Die;Schulabschluss;Ukończenie szkoły;;;;
;schulfrei;Nie ma zajęć, wolne od szkoły;;;;
Der;Nachhilfeunterricht(-);korepetycje;;;;
;erreichen;Sięgać (po coś, do czegoś);osiągać;Zyskać, wskórać;;
Die;Hochschulreife(-);matura;;;;
;immerhin;przynajmniej;W końcu;Bądź co bądź;;
Das;Drittel;Jedna trzecia;tercja;;;
Der;Tatverdächtige;Podejrzany (rzeczownik);;;;
;tatverdächtig;Podejrzany (przymiotnik);;;;
Das;Hauptübel;Główne zło (main evil);;;;
;erheblich;Znaczny, w poważnym stopniu;;;;
Der;Mangel(Mängel);Wada, usterka;;;;
Die;Entwicklung(en);Wynalezienie, opracowanie;Projekt;;;
;Keiner der Kritiker;Żaden z krytyków;;;;
Die;Leistung(en);Wynik, rezultat;Wyczyn;osiągnięcie;;
;an|bieten;Oferować, proponować;;;;
;Eher nicht;Raczej nie ;;;;
;dennoch;Przecież, jednakże, a mimo to;;;;
;Warnen (Jdn vor jemandem);Ostrzegać (kogoś przed czymś);;;;
Die;Pauschaliesierung(en);Uogólnienie, generalizacja;;;;
;belegen;Pokrywać (np. Powierzchnię);Zająć (np. Pokój);Udowodnić, udokumentować;;
;Mehrheitlich;Większościowy, w wiekszości;;;;
;weiblich;Kobiecy, żeński;;;;
Der;Lehrkraft(-kräfte);nauczyciel;;;;
;Jemand beeinflussen;Wpływać na kogoś, mieć na kogoś wpływ;;;;
;erfolglos;bezskuteczny;;;;
;toben;Szaleć, dokazywać;;;;
;raufen;Mocować się, szarpać;;;;
;Mit jemandem um etwas wettfeifern;Rywalizować z kimś o coś;;;;
Das;Imponiergehabe(-);“puszenie się”;;;;
;provozieren;prowokować;;;;
;an etwas (DATIV) beteiligt sein;Brać w czymś udział, być w coś zaangażowanym;;;;
Der;Misserfolg(e);Niepowodzenie, fiasko;;;;
;verantwortlich;Odpowiedzialny (za coś, przed kimś);;;;
Das;Gantz(-);całość;;;;
;betrachten;Uważać (kogoś za coś, traktować kogoś jako);rozważać;;;
;glänzen;Błyszczeć, lśnić;;;;
Die;Präsenz(-);obecność;;;;
Die;Forderung(en);Żądanie, postulat, roszczenie, pretensje;;;;
;gestalten;Organizować, urządzać;Ułożyć (np. Program);;;
;ebenso;Równie, tak samo (np. Tak samo mocno, równie dobrze);;;;
;notwendig;potrzebny;;;;
;Spürbar;Odczuwalny, wyczuwalny;Wyraźny, dotkliwy;;;
;hämmern;Walić młotkiem;Też bić / tętnić np. O sercu;;;
;feilen;piłować;;;;
;bohren;wiercić;;;;
;Polieren;polerować;;;;
Die;Herkunft(-);pochodzenie;;;;
Der;Rabauke(n);opryszek;;;;
Das;Sorgenkind(er);Problemowe dziecko;;;;
;Jemandem etwas verweigern;Odmówić komuś czegoś;;;;
;Verweigern etwas zu tun;Odmówić zrobienia czegoś;;;;
Der;Komparse(Komparsin);statysta;;;;
Der;Kumpel;Kumpel, ziomal;Górnik;;;
Der;Bergmann;górnik;;;;
Die;Bergarbeiterin;górniczka;;;;
;befriedigen;Zadowalać, zadowolić;satysfakcjonować;;;
;Befriedigen sich;Masturbować się;;;;
;Befriedigend;zadawalający;;;;
;Mit etwas zufrieden;Usatysfakcjonowany czymś;;;;
;Zufrieden stellen;satysfakcjonować;;;;
Die;Befriedigung(en);Zadowolenie, satysfakcja;zaspokojenie;;;
;spannend;Interesujący, ciekawy, zajmujący, pasjonujący;Pasjonujący, trzymający w napięciu, emocjonujący;;;
;faszinierend;fascynujący;;;;
Die;Dummheit(-);głupota;;;;
;vor|setzen;Sadzać kogoś z przodu, przesiadać się do przodu;Przesiadać się do przodu;Serwować, częstować;;
;gelungen;Udany (wieczór, kolacja);Smaczny, wybory, doskonały (posiłek);Zabawny, pocieszny (pomysł, osoba);;
;gelingen;udać się, wyjść, powieść się;;;;
;Auf gutes Gelingen!;Za sukces!;;;;
Das;Gelingen(-);Pomyślny rezultat, sukces;;;;
Die;Ruhe(-);cisza;spokój;;;
;ruhen;Wypoczywać;Spoczywać (np. Nie spocznę dopóki);;;
;Verteidigen (jemand/etwas);Bronić (kogoś, czegoś);;;;
Die;Verteidigung(en);obrona;;;;
;vorbringen;Przedstawiać, przytoczy, zgłosić (fakt, argument, pytanie, pogląd);;;;
;schließen;Zamykać (sklep);Kończyć (posiedzenie, konferencję);;;
Die;Sitzung(en);Posiedzenie, sesja;;;;
;Tendieren zu etwas;Mieć skłonności do czegoś;Wykazywać tendencję;;;
;hilfsbereit;Pomocny, gotów do  pomocy (człowiek);;;;
;hilfsreich;Pomocny (np. Słownik);;;;
;Retten jemand;Ratować kogoś;;;;
;Sich durch Flucht vor etwas (DATIV) retten;Ratować się od czegoś ucieczką;;;;
;Jemandem zu Hilfe kommen;Przyjść komuś z pomocą;;;;
Die;Messe(n);Msza;Targi, wystawa;;;
;messen;Mierzyć coś (jakąś miarą);Mierzyć się (z kimś w zawodach);;;
Der;Aussteller;wystawca;;;;
;gezielt;Celowy, planowy, konkretny;;;;
;knüpfen;Wiązać, zacieśniać (np. Kontakt);Tkać (tkaninę);;;
;erfolgreich;skuteczny;;;;
;fordern (etwas);Żądać;Domagać się ;wymagać;;
;Von jemandem etwas fordern;Czegoś od kogoś wymagać;;;;
;daher;Stamtąd;dlatego;;;
Der;Veranstalter;organizator;;;;
;herunterladen;Pobrać coś, ściągnąć (plik z sieci);;;;
;fest|legen;Ustalić, określić;;;;
;worüber;O czym? Na co?;;;;
;worauf;Na co? (Czekasz), na czym?;;;;
;auf|nehmen;Przyjmować, gościć;;;;
;Woran;Na co? (Zmarł) na czym? (Stoję);;;;
;herrschen;Panować (spokój, cisza, radość);Obowiązywać;;;
;Herrschen über jemand/etwas;Panować nad czymś/kimś;;;;
Der;Andrang(-);tłok;;;;
;folglich;Więc, wobec tego, zatem;;;;
Die;Wartezeit(en);Czas oczekiwania;;;;
;erheblich;Znaczny, w poważnym stopniu, wyraźnie;;;;
;verkürzen;skrócić;;;;
;scheitern;Ponosić porażkę, nie powieść się, nie udać się;;;;
;zumindest;przynajmniej;;;;
;vor|nehmen;Przedsięwziąć;Postanowić coś zrobic;;;
;gesammelt;Zebrany (informacje, kolekcja);Skoncentrowany, skupiony;;;
;melden;Donosić, informować;Zapowiadać (kogoś, coś);;;
;geschäflich;Służbowy;handlowy;biznesowy;;
Die;Aussage(n);wypowiedź;;;;
;verfassen;Pisać, redagować;;;;
Der;Verfasser;autor;;;;
;Zeitlich;Czasowy;przemijający;doczesny;;
;raümlich;przestrzenny;;;;
Der;Schritt(e);Krok (dosłownie i nie, jak w polskim);;;;
Der;Absatz(Absätze);Obcas;akapit;;;
;vergleichen;porównać;;;;
;überlegen;Przeważający, zdecydowany;Z wyższością, wyniośle;;;
;überlegen;Zastanowić się, namyślać się, rozważać;;;;
;Anders überlegen;Rozmyślić się, zmienić zdanie;;;;
Der;Zeitstrahl(en);Porządek czasowy, kolejność występowania w czasie;;;;
Der ;Strahl(en);Strumień, promień (światła, wody);;;;
;eigen;Własny, swój, osobisty;osobny;;;
Die;Gemainsamkeit(en);Cecha wspólna;wspólnota;;;
Der;Unterschied(e);różnica;;;;
Der;Umwelteinfluss(-flüsse);Oddziaływanie środowiska (też w kontekście epigenetyki);;;;
Die;Abgrenzung(en);Odgrodzenie, rozgraniczenie;Określenie, wydzielenie (np. Kompetencji);;;
Das;Stichwort(-wörter);Hasło, pozycja, punkt, słowo-klucz;;;;
;nach|vollziehen;Rozumieć, zrozumieć;;;;
Die ;Verbrennung(en);Spalenie, palenie (np. Śmieci);kremacja;Obarzenie (np. Słoneczne);;
;fassen;Chwytać, łapać;Zatrzymać, złapać (np. Złodzieja);;;
;Etwas zu fassen bekommen;Dosięgnąć czegoś;;;;
;trügerisch;zdradliwy;;;;
;tupfen;Kropkować, cętkować;;;;
Der;Tupfen(-);Kropka/cętka/groszek;;;;
;besoffen;Zalany, najebany;;;;
;Verlassen sich auf jemand/etwas;Polegać na kimś / czymś;;;;
;verlassen;Opuścić, porzucić;;;;
;weg|schieben;Odsunąć, odłożyć, odstawić (od siebie);;;;
;schieben;Przesuwać, przestawiać;;;;
;Von Bedeutung;poważny;;;;
;Von Bedeutung sein;Mieć znaczenie;;;;
;geprägt;ukształtowany;;;;
Die;Einstellung(en);nastawienie;;;;
;Einstellung zu etwas;Nastawienie do czegoś;;;;
Die;Ereignis(se);Wydarzenie, zdarzenie;;;;
;Über etwas (AKK) berichten;Relacjonować;;;;
;ungehindert;Bez przeszkód;;;;
;gelangen;Dojść, dotrzeć;;;;
;Auf diese Weise;W ten sposób, tym sposobem, tą drogą;;;;
Die;Absicht(en);Zamiar, intencja;;;;
;errichten;Wznieść (mur, budynek, pomnik), postawić;Ustanowić, stworzyć, założyć;;;
;versperren;Zagradzać, tarasować, zasłonić;;;;
Der;Stacheldraht(drähte);Drut kolczasty;;;;
Die;Bevölkerung(en);ludność;zaludnienie;;;
;Diesseits (vom Fluss);Po tej stronie (np. Rzeki);;;;
;Jenseits (des Fluss);Po tamtej stronie (np. Rzeki);;;;
Die;Berühmtheit(-);sława;;;;
Der;Bürgersteig(e);chodnik;;;;
;sofern;O ile;;;;
;abferissen;obdarty;wyburzony;;;
;graben;Kopać, drążyć (np. Tunel);;;;
;kriechen;Czołgać, pełzać;;;;
Das;Opfer(-);ofiara;;;;
Die;Gewaltherrschaft(-);despotyzm;;;;
;fassungslos;Skonsternowany, skonfundowany;zakłopotany;;;
;indem;Przez to, ze ;Podczas gdy;;;
;lohnen;Być wartym;;;;
;Das Ergebnis lohnt die Anstrengung;Rezultat wart jest wysiłku;;;;
Die;Anstrenung(en);Wysiłek, trud;;;;
Der;Einsatz(sätze);Wkład, nakład (pracy);Stawka, zastaw;Wejście;użycie;
;zu|bereiten;przygotować;;;;
;Zwei Minuten lang;Przez 2 minuty (o długości 2 minut);;;;
;bald;Wkrótce, zaraz;;;;
Der;Kühlschrank;Lodówka;;;;
;voll;Pełny, wypełniony;;;;
;So bald wie möglich;Tak szybko, jak to możliwe;;;;
;Bald darauf;Zaraz potem;;;;
;Zu klein;Za mały;;;;
;um|ziehen;Przeprowadzać się;;;;
;beobachten;Oglądać, obserwować;;;;
;fest|legen;ustalić;;;;
;bestimmen;Ustalić, określić;;;;
;manche;Niektórzy, niektóre;;;;
Die;Packung;Paczka, opakowanie;;;;
;bestimmt;Ustalony, określony;;;;
Der;Plan(Pläne);plan;;;;
;Staub wischen;ścierać kurze;;;;
Der;Staub;kurz;;;;
;ab|stauben;odkurzać;;;;
;ab|waschen;Zmywać naczynia;;;;
;Staub saugen;odkurzać;;;;
;gegenseitig;Wzajemny, obopólny;;;;
;Danke, gleichfalls;Dziękuję, nawzajem;;;;
;darüber;Ponad, nad tym;;;;
;ebenfalls;Również, także;;;;
;gemeinsam;wspólny;;;;
;allein;Sam ;;;;
Das;Fach;Półka;kieszeń;szuflada;;
;weil;ponieważ;;;;
;amüsieren;Rozbawić, bawić ;;;;
;Wir haben uns prächtig amüsiert;Świetnie się bawiliśmy;;;;
;manchmal;Czasami / niekiedy;;;;
;welche;które;;;;
;Am besten;Najlepiej, najbardziej;;;;
Der;Übersetzer;tłumacz;;;;
;striken;Robić na drutach;;;;
;Weit von hier;Daleko stąd;;;;
;sehr;bardzo;;;;
;Sehr müde;Bardzo zmęczony;;;;
;denn;właściwie;;;;
;natürlich;Naturalnie (tak);;;;
;Dienstagnachmittags;We wtorki popołudniu;;;;
;gern;chętnie;;;;
;bekommen;Otrzymywać/dostać;Urodzić (kogoś);;;
;Zum Hören;Do słuchania;;;;
;Zum Sehen;Do patrzenia;;;;
;sehen;widzieć;;;;
;wieder;Znów, znowu;;;;
;relativ;stosunkowo;;;;
;Erholen (sich);Odpoczywać, odzyskiwać siły;;;;
;Beschäftigen (sich) mit;Zajmować się czymś;;;;
;So früh;Tak wcześnie;;;;
;ab|waschen;Zmywać naczynia;;;;
;Viel zu kurz;O wiele za krótko;;;;
;zurück|kommen;wracać;;;;
;In der Nacht;W nocy;;;;
;Im März;W marcu;;;;
;für;Dla (mamy);Na (miesiąc);;;
;Für der Mutter;Dla mamy;;;;
;Für einem Monat;Na miesiąc;;;;
;In Hamburg;W Hamburgu;;;;
;Nach Deutschland;Do Niemiec;;;;
;ins/zu;Do;;;;
;Ins Kino gehen;Iść do kina;;;;
;dort;tam;;;;
;da;Tam/tu;;;;
Der;Fruhling;wiosna;;;;
Der;Sommer;lato;;;;
Der;Winter;zima;;;;
Der;Herbst;jesień;;;;
;wahrscheinlich;prawdopodobnie;;;;
;Ich finde das interresant;Uważam to za interesujące;;;;
Der;Viertel;Kwadrans/jedna czwarta;;;;
Das;Gebirge;góry;;;;
;erforderlich;Konieczny;wymagany;niezbędny;;
Der;Ferien;ferie;;;;
;ausgezeichnet;Wyborny;znakomity;;;
;bekannt;Znany, słwany;Znany, znajomy;;;
;unbekannt;Nieznany;nieznajomy;;;
;Am Meer;Nad morzem;;;;
;Schade!;Szkoda!;;;;
Der;Regen;deszcz;;;;
;Letzte Woche;Ostatni tydzień;w ostatnim tygodniu;;;
Die;Letzt;koniec;;;;
;letzt;ostatni;;;;
Das;Fest;uroczystość;;;;
Das ;Schulfest;Uroczystość szkolna;;;;
;Letztes Jahr;Ostatni rok ;W ostatnim roku;;;
;Am See;Nad jeziorem;;;;
Der;See;jezioro;;;;
;Auf der Hochzeit;Na weselu;;;;
Die;Hochzeit;wesele;;;;
;Auf der Firma;W firmie;;;;
Die;Firma;firma;;;;
;Bei Peter;U Piotra;;;;
;Wie war das Wetter?;Jaka była pogoda?;;;;
Das;Wetter;pogoda;;;;
;In der Wohnung;W mieszkaniu;;;;
Die;Wohnung;mieszkanie;;;;
;Wo bist du denn?;To gdzie ty właściwie jesteś?;;;;
;doch;Przecież, jednakże, jednak;;;;
;Mehr;więcej;;;;
;Etwas mehr;Coś więcej;;;;
;Ich bin 26 Jahre alt;Mam 26 lat;;;;
;Zweimal;dwukrotnie;;;;
;füllen;Wypełnić (miskę);;;;
;aus|füllen;Wypełnić (druk);;;;
;erfüllen;Wypełnić (rozkaz);;;;
;auf|tragen;Serwować, podać do stołu;;;;
;auftragen;Nałożyć (farbę, makeup);;;;
Die;Hitze(n);upał;Zapał, ferwor;;;
;Etwas benennen;Nadać czemuś nazwę;;;;
;Benennen als;Wyznaczyć na (świadka, kandydata);;;;
;unvorhergesehen;nieprzewidziany;nieoczekiwany;;;
Die;Überlegung(en);Zastanowienie;;;;
;Ohne Überlegung;Bez zastanowienia;;;;
;trieben;gnać;rozpędzać;;;
;Jemanden zum Äußersten trieben;Doprowadzać kogoś do ostateczności;;;;
;Der Hunger trieb ihn zum Diebstahl;Głód zmusił go do kradzieży;;;;
;achtsam;ostrożny;Uważny, baczny;staranny;;
Die;Achtsamkeit(-);Uwaga, baczność;;;;
;greifbar;Dostępny, w zasięgu ręki;;;;
;gerade;właśnie;;;;
;genau;dokładnie;;;;
;weiter;Dalsze, kolejne;;;;
Die;Information(en);informacja;;;;
;Weitere Informationen;Dalsze informacje;;;;
Der;Verfügung;dyspozycja;;;;
;Stehen zum Verfügung;Być do dyspozycji;;;;
;Ich stehe zum Verfügung Freitags;Jestem do dyspozycji w piątki;;;;
;Mit freundlichen Grüßen (MfG);Z wyrazami szacunku;;;;
;Grüße;Pozdrawiam (mniej formalne);;;;
;nächstes;Następny, kolejny;;;;
;Treffen (sich);Spotykać się;;;;
;erst;Dopiero;najpierw;;;
;Erst morgen ;Dopiero jutro;;;;
;Erst jetzt;Dopiero teraz;;;;
;zuerst;Pierwszy, najpierw;;;;
;Von 8 Uhr bis 14 Uhr;Od 8 do 14;;;;
;leider;niestety;;;;
;In der Straße;Na ulicy;;;;
;nach;Po;Do (nazwa geograficzna);;;
Die;Leidenschaft;Pasja, namiętność;;;;
Die;Geschichte;historia;;;;
;Auf dem Land;Na wsi;;;;
Das;Land (Länder);wieś, kraj;;;;
Das;Meer;morze;;;;
;Wie lange der Flug dauert;jak długo trwa lot;;;;
Die;Fluglinie;Linie lotnicze;Trasa lotu;;;
;noch;jeszcze;;;;
;jetzt;teraz;;;;
Der;Inhalt(e);treść;;;;
;In meiner Freizeit lese ich;W moim wolnym czasie czytam;;;;
;Jeden Winter sehe ich;Każdej zimy oglądam;;;;
;unmöglich;niemożliwy;;;;
Der;Passagier;pasażer;;;;
;seit;Od (w przeszłości);;;;
;vor;przed;;;;
;bei;U (babci), przy (ulicy), do (8 osób), w (urzędzie);;;;
Die;Woche;tydzień;;;;
Das;Wochenende;weekend;;;;
Das;Jahr(e);rok;;;;
;gantz;cały;;;;
Die ;Wirtshaft;ekonomia;gospodarka;;;
;fliegen;latać;;;;
Der;Flug(en);lot;;;;
Der;Begleiter;towarzysz;;;;
;verkaufen;sprzedawać;;;;
;ein|kaufen;kupować;;;;
Die;Ware(n);towar;;;;
Das;Produkt(en);produkt;;;;
Der;Artikel(n);Artykuł (w sklepie i w gazecie);;;;
;Acht Stunden;Osiem godzin;;;;
;Um acht Uhr;O ósmej godzinie;;;;
Die;Uhr;zegarek;;;;
Die;Eigenschaft(en);Cecha, właściwość;;;;
;geduldig;cierpliwy;;;;
Die;Geduld (haben);cierpliwość;;;;
;nett;miły;;;;
;hartnäckig;Wytrwały, uparty;;;;
;gefährlich;niebezpieczny;;;;
;normalerweise;Normalnie, zazwyczaj, zwykle;;;;
;dauern;trwać;;;;
;schwierig;Ciężki, trudny, skomplikowany;;;;
;irgendein;jakiś;;;;
;schwirren;brzęczeć;;;;
;In irgendeiner Firma;W jakiejś firmie;;;;
;Das hängt an;To zależy;;;;
;En etwas hängen;Zależeć od czegoś;;;;
;Kann ich Ihnen helfen;czy mogę Państwu pomóc?;;;;
;Verhalten sich;Zachowywać się;;;;
;In Wirklichkeit;W rzeczywistości;;;;
Das;Verhalten(s);Zachowanie, postawa;;;;
Der ;Arzt(Ärztin);Lekarz, lekarka;;;;
Der;Programmierer(in);Programista, programistka;;;;
;Was sind Sie von Beruf;Kim pan jest z zawodu;;;;
;Haben einen Job als;Mieć pracę jako;;;;
;Machen eine Ausbildung als;robić praktykę / staż / kształcić się jako;;;;
;Arbeiten als;Pracować jako;;;;
;Jemand sein;Być kimś (zawód);;;;
;unterrichten;;;;;
;aber;ale;;;;
;Zur Zeit;Na razie;;;;
;oder;albo;;;;
;ander;inny;;;;
Das;Heimatland;Kraj rodzinny, ojczyzna;;;;
;damit;Z tym;;;;
;Was soll ich damit;Co mam z tym zrobić?;;;;
;Nicht damit zu tun haben;nie mieć z tym nic wspólnego;;;;
;angestelt;zatrudniony;;;;
;selbständig;samozatrudniony;niezależny;;;
;arbeitslos;bezrobotny;;;;
Die;Schicht(en);Zmiany (w pracy);;;;
Die;Kenntnis(e);Wiedza, znajomość;;;;
Die ;Sprachkenntnisse;Zdolności komunikacyjne;;;;
Die;Computerkenntnisse;Znajomość obsługi komputera;;;;
Die;Fähigkeit(en);Zdolność, talent;;;;
;lernen;Uczyć się;;;;
;lehren;Uczyć kogoś;;;;
;In Zukunft;W przyszłości;;;;
;Ausflüge machen;Robić wycieczki;;;;
Der;Ausflüg;wycieczka;;;;
;Am Wochenende;W weekend;;;;
;Wegen der Corona-Virus Pandemie;Z powodu pandemii koronawirusa;;;;
;wegen;Z powodu;;;;
Die;Pandemie;pandemia;;;;
;Am Nachmittag;popołudniu;;;;
;In Freizeit;W wolnym czasie;;;;
Der;Nachmittag;popłudnie;;;;
Die;Freizeit;Czas wolny;;;;
Das;Wort (Wörter);słowo;;;;
;bilden;Układać, tworzyć;;;;
Der;Satz(Sätze);zdanie;;;;
Die;Meinung;Zdanie (jako opinia);;;;
Die;Frage(n);pytanie;;;;
;antworten;odpowiadać;;;;
;beantworten;Odpowiadać na coś;;;;
Der;Verkäufer;sprzedawca;;;;
;Lehrer;nauczyciel;;;;
;Student;student;;;;
;Exportkaufmann;;;;;
;Hotelfachmann;;;;;
;Journalist;dziennikarz;;;;
;Flugbegleiter;Stewart/stewardessa;;;;
;auch;Też, również;;;;
Die;Grundschule;Szkoła podstawowa;;;;
;geschieden;rozwiedziony;;;;
;ledig;Stanu wolnego;;;;
Der;Buchhalter;księgowy;;;;
Die;Landschaft;krajobraz;;;;
Die;Stadtlandschaft;Krajobraz miejski;;;;
;moderne;nowoczesny;;;;
Die;Architektur;architektura;;;;
;Lieblings etwas;Ulubione coś;;;;
;Mein Lieblings Buch ist;Moja ulubiona książka to;;;;
;zweimal;dwukrotnie;;;;
Der;Zufall;przypadek;;;;
;selten;rzadko;;;;
;Ich fahre lieber;Wolę pojechać …;;;;
;Wo hast du studiert?;Gdzie studiowałeś?;;;;
;Wir sehen uns selten;Widzimy się rzadko;;;;
;Ich stehe um 6 Uhr auf;Wstaję o 6 rano;;;;
;Als ob ich in die Arbeit gehen würde;Tak jakbym szła do pracy;;;;
;Ich gehe einkaufen;Idę na zakupy;;;;
;Ich war in Deutschland;Byłam w Niemczech;;;;
;Mich stört der Zug nicht;Pociąg mi nie przeszkadza;;;;
